window_index,explained_variation
0,0.20099424872215313
1,0.1962830378085465
2,0.19600825943409741
3,0.1920477458949361
4,0.1917952153696406
5,0.18990715746786105
6,0.18872650985712355
7,0.18880196867128593
8,0.18996049026165884
9,0.20870094930926805
10,0.20329319853285452
11,0.19758538595267863
12,0.20153950916741709
13,0.20135690729681763
14,0.20002945039627604
15,0.19012478090801205
16,0.2048804759612863
17,0.20517839002050556
18,0.20449303507612782
19,0.206946612750604
20,0.2083993315071549
21,0.20800412294443751
22,0.21777092493554834
23,0.21957642770269892
24,0.22154602691848238
25,0.22570807558813294
26,0.2250763058543214
27,0.22462299824440182
28,0.2236853596412409
29,0.2238502381306585
30,0.20288558381451555
31,0.20316492268818004
32,0.20626349172063205
33,0.20212454547240982
34,0.21775822354479685
35,0.21765146413367634
36,0.21542893091879892
37,0.2037583860749266
38,0.2035013239268286
39,0.22518794529604175
40,0.2230993769949805
41,0.2219849372758615
42,0.22123231161564774
43,0.21482760944782103
44,0.21354311923846708
45,0.22130357117840851
46,0.21770505781121954
47,0.22242103692202597
48,0.22431774570295798
49,0.22463396131404464
50,0.2276176740436597
51,0.22906668831917204
52,0.23015108708479717
53,0.22693208857502553
54,0.22529950898688267
55,0.20833928411836003
56,0.20851995445362762
57,0.20994466043542573
58,0.21188268088436132
59,0.21029711862854664
60,0.1867052379490316
61,0.18642732068417198
62,0.190593478232187
63,0.1916379011301222
64,0.19480873899974652
65,0.19277907298408573
66,0.17926479847622903
67,0.17697561938733158
68,0.17144578604851954
69,0.1720688140413078
70,0.1738183291522336
71,0.1681899981590292
72,0.16846626174452556
73,0.1621603848830734
74,0.16107128963205436
75,0.16094099579762444
76,0.15706785136204235
77,0.16032068230225746
78,0.15929550071695386
79,0.15540659496908607
80,0.15734432389509495
81,0.20801545682766584
82,0.20836547259033447
83,0.20640640770197125
84,0.20629556768043988
85,0.21391479795837137
86,0.22094886893516738
87,0.25826286164757367
88,0.26582038845162964
89,0.2997934301009444
90,0.30479447529876885
91,0.30546426881498834
92,0.3130709652119938
93,0.31067080368679
94,0.31142858914732835
95,0.31386105306406975
96,0.3160738591573823
97,0.31577527014942575
98,0.33570716033356784
99,0.33475606272889796
100,0.33234081640325425
101,0.33140330482007746
102,0.31467242130413003
103,0.31628943284547406
104,0.3166824236553809
105,0.31969892627401303
106,0.31547217653803883
107,0.31546389219106535
108,0.2985165625590307
109,0.2964709283312541
110,0.2720499063225016
111,0.26914738214335987
112,0.2673129313114799
113,0.2634779035031111
114,0.26606009545176323
115,0.267632252313378
116,0.26388548561692265
117,0.260423278693683
118,0.25901223430234654
119,0.22280554374364311
120,0.2228393215993321
121,0.2237285839244342
122,0.22471882110176591
123,0.22338708054245515
124,0.21761942523497904
125,0.21701884949996117
126,0.21136336447122958
127,0.22275485482926477
128,0.2208790751800602
129,0.21831800059628825
130,0.21855108948534488
131,0.2150872127241935
132,0.21152672715925236
133,0.20631693711222018
134,0.19535686146011508
135,0.194884191716555
136,0.18991727482919912
137,0.18824787907719298
138,0.18307098768417368
139,0.18386929480196776
140,0.1819343322585504
141,0.1806873633807801
142,0.1793799206269476
143,0.17314477337076042
144,0.17136802629318382
145,0.17054612521082907
146,0.16767113732931657
147,0.1652998748860378
148,0.1451941967899206
149,0.13951420608449666
150,0.138312845642406
151,0.13591329995270696
152,0.1359961554751469
153,0.13152800169844556
154,0.13315025595589955
155,0.1329832047183264
156,0.1256985768535985
157,0.12345679135365502
158,0.12238395667619811
159,0.12301964594390538
160,0.12488557327965522
161,0.12411697675361602
162,0.12220735305593183
163,0.12827439259095189
164,0.1342389378159547
165,0.13485737928963767
166,0.13503636592428517
167,0.13579913209591005
168,0.1393515467073643
169,0.14301419862059447
170,0.1472667873271136
171,0.14599741947180886
172,0.15563730172600954
173,0.1582302047503349
174,0.1578227512670709
175,0.15893101836489323
176,0.1601566476292854
177,0.16629500087619895
178,0.17034973544562504
179,0.17456346980351697
180,0.17506004824476903
181,0.17534524658244313
182,0.17976364076887927
183,0.18414349725668488
184,0.18049896012298905
185,0.17886792615238412
186,0.18110409817381115
187,0.18288508766638378
188,0.18392543463809594
189,0.1860672129943797
190,0.1861682124555719
191,0.18366653333824934
192,0.18547556208524252
193,0.17768996026326817
194,0.173549691744409
195,0.17375121703667526
196,0.22497480904390607
197,0.22260242397085894
198,0.21514827548494042
199,0.21442953278260474
200,0.21010288751892817
201,0.20991927988077902
202,0.2099814559573176
203,0.21497360230194634
204,0.21241821493647206
205,0.2129096034630985
206,0.21482903256122293
207,0.21652403212552976
208,0.21628195732501437
209,0.21870715501962334
210,0.21891086889397446
211,0.22239785472464915
212,0.2243464882041179
213,0.22569997251278812
214,0.22634912857459447
215,0.2276804827811111
216,0.22855676001939504
217,0.16646709532783993
218,0.16872708265117825
219,0.17036643477364358
220,0.17967287202303775
221,0.1837529713740303
222,0.18538035809787465
223,0.1850753879238125
224,0.18033383762144178
225,0.18183578496985495
226,0.18045235673164986
227,0.1798646390856312
228,0.18073369785764515
229,0.18244145593020938
230,0.17936297756528963
231,0.17554866570018945
232,0.16991710416623482
233,0.16654473136119735
234,0.1656201004832185
235,0.16535301440716146
236,0.1645822980784733
237,0.163440813363388
238,0.1594454128224895
239,0.15991304605246215
240,0.1604563083517915
241,0.1493745440023853
242,0.14362445842143884
243,0.14293568248954777
244,0.14424609394942117
245,0.13952342085801803
246,0.139768770739578
247,0.13915437514983567
248,0.14365645004059652
249,0.14369924431711048
250,0.14788523800610473
251,0.15098105644217583
252,0.1577218437411824
253,0.15867627557707237
254,0.16266026857125168
255,0.16119237306607798
256,0.16359158366330798
257,0.16416120215928015
258,0.17035037726409955
259,0.17036176894442215
260,0.1875996601090796
261,0.1891741972452358
262,0.19287675688787378
263,0.19463174945397077
264,0.19792466886749024
265,0.197111222199099
266,0.19907634070769453
267,0.19859817196164786
268,0.20140332944233028
269,0.20553737370437714
270,0.20489364873136484
271,0.20344766159754532
272,0.20197314006102227
273,0.20013163210785134
274,0.20221909028982163
275,0.20196320047936153
276,0.20705701814089672
277,0.20469445077222215
278,0.20546070372231362
279,0.20172846702208877
280,0.20409087011139557
281,0.18358853706187292
282,0.17872157514163708
283,0.17166974727459372
284,0.16982445730448528
285,0.16648907157064924
286,0.16730339095946684
287,0.16716290534240524
288,0.16873299932553182
289,0.16950152271467858
290,0.1608386118756541
291,0.16063523571270832
292,0.15952263437976566
293,0.16008335179961533
294,0.1583176991290231
295,0.15502278275659212
296,0.15280680086795692
297,0.15044909834554052
298,0.15217257291611483
299,0.1565338401599148
300,0.1578942443573439
301,0.157564522589679
302,0.16384816642123148
303,0.1632884251331276
304,0.16377271515163627
305,0.16583555279551435
306,0.16471629836052062
307,0.16743636082218744
308,0.17136310393026435
309,0.17646602556629
310,0.17219652301031657
311,0.16961077811549888
312,0.17273474875573125
313,0.1722840198027142
314,0.17316004222546408
315,0.16882979743203763
316,0.16831053826030928
317,0.16902304318388883
318,0.16850176055227623
319,0.16640454507738053
320,0.1597546901810245
321,0.1575074640506347
322,0.1576425744507518
323,0.14869059132049092
324,0.1484504294291367
325,0.1484003653984257
326,0.1456344357082304
327,0.14450764167409894
328,0.13668966274682767
329,0.1313563624931954
330,0.11699462519626393
331,0.11250981259479942
332,0.11015062285245569
333,0.10645271985751395
334,0.10636018891710887
335,0.10310673911276116
336,0.10242240064395376
337,0.10141039437978172
338,0.09997270756433466
339,0.09861481342241221
340,0.0979852707095916
341,0.0950548363977176
342,0.09305127021615603
343,0.09216080574327497
344,0.09225159656396867
345,0.09154497688077626
346,0.09048591109743886
347,0.08968886897115884
348,0.08887566358745265
349,0.0917526504066401
350,0.09238560622693708
351,0.08976153924150809
352,0.09073640192680059
353,0.09094019340628041
354,0.09041574081687881
355,0.08790805895836747
356,0.09508583674205379
357,0.098257693735454
358,0.09840013319043853
359,0.10013680332944042
360,0.10622477853607805
361,0.1107080677141691
362,0.11221625956733774
363,0.11909380058978235
364,0.12065501569158511
365,0.1225312990269651
366,0.12499876941014391
367,0.12723200631778506
368,0.13145911077875685
369,0.13340534538071552
370,0.13458859454571426
371,0.13546146968908163
372,0.1381571507628466
373,0.14041744949146354
374,0.14434971396279075
375,0.14445686123886795
376,0.14774800786251852
377,0.15024463211188402
378,0.14897783571626505
379,0.15274777580988888
380,0.15221280045964808
381,0.14596398629032467
382,0.14402905733699675
383,0.14476036467852033
384,0.13851769001668182
385,0.13456905517860943
386,0.1333147555826969
387,0.13848815625899677
388,0.14462328028717295
389,0.14298323273338542
390,0.1390633723242245
391,0.15298398192609572
392,0.1642484962921888
393,0.16372448956251903
394,0.16224487307661392
395,0.1679033872163536
396,0.17063133706121492
397,0.17277798299007796
398,0.17354162640960688
399,0.17553814773492063
400,0.1774664691525426
401,0.17873734921361345
402,0.18147595829090335
403,0.18534580619084054
404,0.19181348879941396
405,0.19817986993748654
406,0.19983844609941287
407,0.20185605785243435
408,0.20697133398144332
409,0.2123312925265159
410,0.21383687677138657
411,0.21862885972282406
412,0.21121400692519907
413,0.20790921091834746
414,0.208808576059662
415,0.21185354845316018
416,0.2068998204353838
417,0.2078418694929538
418,0.20714932671009206
419,0.20273174077168557
420,0.20089613164906417
421,0.1984188142329769
422,0.19793129863890796
423,0.19860608413813588
424,0.1968873409441029
425,0.19060301026666598
426,0.19522933656786012
427,0.19610530179704216
428,0.19723915378778104
429,0.19262962293403665
430,0.18422558498918468
431,0.18427851089674052
432,0.18288460957196753
433,0.18199828853758823
434,0.1760874145823563
435,0.17386849877078148
436,0.16888407710611142
437,0.16585854155783972
438,0.1637521267163902
439,0.1618684887100486
440,0.1609102961371315
441,0.15900610191925096
442,0.16181200404736681
443,0.1612026265021074
444,0.20295668523920138
445,0.20712076482727584
446,0.2249685309970717
447,0.2295459792576173
448,0.23224887437246738
449,0.22994172598445367
450,0.22725810042057715
451,0.22897802429256892
452,0.23345379544938352
453,0.2314718504830905
454,0.230437161434582
455,0.22313558126983504
456,0.22431774799055543
457,0.2266003775147062
458,0.22676607567265084
459,0.22554531014890525
460,0.22368781987535785
461,0.22611498993865436
462,0.22585851777990565
463,0.22307481670500098
464,0.22751239514906973
465,0.21122790247725481
466,0.2110021844791517
467,0.1975013792051622
468,0.19472102700728608
469,0.19123943846835442
470,0.19220253284357652
471,0.19286494173708402
472,0.19114753454137395
473,0.22405315066119627
474,0.23341981864648848
475,0.23374025781349553
476,0.24536792763298249
477,0.24780057936476038
478,0.24664630914522953
479,0.2508868309216304
480,0.2573055859738175
481,0.26717232192475354
482,0.2703032459236679
483,0.27947145865802164
484,0.29048137514219413
485,0.28825518813792095
486,0.29123028288993447
487,0.2941960384189912
488,0.2952221983317823
489,0.29084625640620265
490,0.2910678700961275
491,0.2915092169104767
492,0.29535027708208667
493,0.29712002638155127
494,0.23741008076249212
495,0.22189346284732858
496,0.22080742471009437
497,0.2191402974269099
498,0.21493302557417776
499,0.22017162147927444
500,0.21534491917001136
501,0.20537087731870052
502,0.1964132531770573
503,0.19120929566820702
504,0.17552313379554468
505,0.16827441222456582
506,0.16408597676737133
507,0.15353987582794132
508,0.1451961456290057
509,0.14830456639653203
510,0.14971440638205857
511,0.1671636136984393
512,0.16792359147037866
513,0.16716441697952142
514,0.18494466768261567
515,0.19215014294456087
516,0.2046211587664917
517,0.20489536599826053
518,0.201696050906602
519,0.2069479697424195
520,0.20459964487874366
521,0.20702255999873406
522,0.2116022981252731
523,0.21134315115925986
524,0.22603469542574484
525,0.24175659153836915
526,0.2427646893901852
527,0.24481415969377582
528,0.2515866431849961
529,0.25872752976695534
530,0.2728702183841263
531,0.275710643081571
532,0.28753773519386605
533,0.2907399744033702
534,0.29139208783700044
535,0.2872978736177026
536,0.29372498938408054
537,0.29049370201427827
538,0.2969979598543579
539,0.3002366404154597
540,0.3002887233603757
541,0.3017956060331413
542,0.30193552070811175
543,0.304007649147416
544,0.3090079272481034
545,0.31333788224808856
546,0.3090968176316594
547,0.3143072836280983
548,0.3196673099419076
549,0.3190848309860832
550,0.31928528742385015
551,0.30696191439012754
552,0.30379209936769264
553,0.2839135115219977
554,0.28156117644334067
555,0.28277536658771285
556,0.27535605010344993
557,0.27185955153462166
558,0.27528950254683143
559,0.2923784258055735
560,0.3718233513983108
561,0.3688432521289591
562,0.3664161086375928
563,0.36799215578077393
564,0.3826627198247737
565,0.388833449245076
566,0.37993845964390327
567,0.3783270998996174
568,0.3781833829660579
569,0.3771968519980442
570,0.3756199629725588
571,0.3727402335668006
572,0.38340326293206894
573,0.3869967966179882
574,0.3892650069791926
575,0.395972008961335
576,0.418626411798579
577,0.4274040975609248
578,0.42836858009378104
579,0.4459439746836246
580,0.4443521546742502
581,0.42557067909638785
582,0.43529140995537996
583,0.4635342425405435
584,0.47217522020399294
585,0.4999063162772098
586,0.49491155800144654
587,0.49182192020373927
588,0.4888198421939692
589,0.48513116796504774
590,0.48376342408695466
591,0.4872261977219824
592,0.49171429697812064
593,0.5014655587599136
594,0.5034191005121141
595,0.5048614935598609
596,0.5068251205183312
597,0.5019879448191132
598,0.500801264128746
599,0.5018538796210398
600,0.5001922966484159
601,0.5211425091104603
602,0.5281927470415947
603,0.5277201091625694
604,0.5192941892852262
605,0.5199655152419163
606,0.5004629954933758
607,0.5069329431296465
608,0.5196204527726517
609,0.529762963120131
610,0.5348566891397334
611,0.5405305220241935
612,0.5410888422543427
613,0.5398821421847302
614,0.5202919601305692
615,0.5166250048598348
616,0.515125424760689
617,0.5241875559832877
618,0.5285029990244293
619,0.5387003859792342
620,0.5317737191686543
621,0.5113146931446687
622,0.4932411135083516
623,0.5058819133346877
624,0.5053477374733041
625,0.5024226009879095
626,0.5019844830022511
627,0.5241172309859081
628,0.5271568912353334
629,0.5217343624317846
630,0.5196460891064933
631,0.5252351302401504
632,0.5262867367901547
633,0.5247876848956365
634,0.5257368164252131
635,0.5263022606113996
636,0.5285709613346176
637,0.5317567713637401
638,0.5259833308469495
639,0.5249355828218805
640,0.5211728216153905
641,0.5254795730431621
642,0.5408836249954825
643,0.5276714009862191
644,0.5106201828683486
645,0.5103417407002874
646,0.5160312542455555
647,0.5180188495679962
648,0.4763768376581295
649,0.4597094993738729
650,0.4596882073531373
651,0.45937579373323545
652,0.44613126760109756
653,0.4462335223464004
654,0.44540144462143905
655,0.43618957648726286
656,0.4362463589357101
657,0.4242905920171121
658,0.41299940167543214
659,0.40789769411877314
660,0.40667335117340137
661,0.3978709720619928
662,0.3963426940983476
663,0.3960896867707359
664,0.3980495844080659
665,0.3889544974939018
666,0.38660680086435895
667,0.37241976124752807
668,0.3688277816426782
669,0.3695460326062674
670,0.3659860738789024
671,0.36502916467135826
672,0.3678021910830434
673,0.3739168487014673
674,0.3748005794696975
675,0.3760495771858663
676,0.3704397269500407
677,0.362334096804205
678,0.36319206520112024
679,0.36113181884539014
680,0.34585080607690044
681,0.3413929801121716
682,0.3415282325662366
683,0.3527764709085039
684,0.3441508356652635
685,0.34196658498077837
686,0.3364043539755449
687,0.33713412984598445
688,0.33736712589867784
689,0.34673193395702406
690,0.34244035097600656
691,0.3430890039694686
692,0.34326964160250784
693,0.3344134274644289
694,0.3216882002552696
695,0.3173576066733513
696,0.31350947676476193
697,0.3107540753031087
698,0.30603606980327636
699,0.30229234252591697
700,0.30015331589873373
701,0.30404512944294587
702,0.30285663609308827
703,0.29403672398565334
704,0.2714233267113945
705,0.2632592288702196
706,0.2574978719193816
707,0.2823951225934022
708,0.3440212752954423
709,0.34717278085696524
710,0.36987003919863254
711,0.4062425555115907
712,0.41803840745163445
713,0.4259062632941544
714,0.4309789025825864
715,0.4620482822641812
716,0.46746070783190263
717,0.47533039632933377
718,0.47737801474957614
719,0.4833629386994725
720,0.4943724583873182
721,0.49954467218776144
722,0.501774727918934
723,0.5063536425772646
724,0.5066811857846291
725,0.5065573754502045
726,0.5045950599569803
727,0.503800238062371
728,0.5036982562678651
729,0.5005513084764752
730,0.5016690091013374
731,0.48966432375182295
732,0.4942980820068148
733,0.4933557483982977
734,0.49161139856536773
735,0.4907061611999932
736,0.46518402416068677
737,0.46164876716458203
738,0.45228788641959955
739,0.45318928037416684
740,0.4555230205074217
741,0.44470962554454396
742,0.44659408607413414
743,0.4419914725932462
744,0.433602535187384
745,0.4246851229174043
746,0.4198319127188579
747,0.42520140288162694
748,0.4339279411458162
749,0.4551318481962222
750,0.44895923541809174
751,0.45101795756098007
752,0.45640252131905784
753,0.4306756252154676
754,0.4265452522831785
755,0.42937299840183407
756,0.43014621209713755
757,0.4305843281335937
758,0.4308181311697377
759,0.430399526739105
760,0.43346933541365984
761,0.4279373063701133
762,0.4253378480118932
763,0.4172334684290336
764,0.4238454883429051
765,0.42470299698688896
766,0.4278760700927889
767,0.4277781513856903
768,0.42057445860296844
769,0.40499397705287804
770,0.36066908793955776
771,0.36027520740587904
772,0.3512031494854203
773,0.3415229030152174
774,0.3431625257652392
775,0.34332842370894995
776,0.3437780036167427
777,0.3450459071148301
778,0.35326348395025237
779,0.3496994432806968
780,0.3465609008125001
781,0.33716504826096066
782,0.3373938231535377
783,0.3353430976330048
784,0.32561885536239055
785,0.31883246842395363
786,0.31627230299035536
787,0.31155652777985376
788,0.3105126676734585
789,0.31675908326124436
790,0.33270177519380356
791,0.33007446125430123
792,0.32764484493386864
793,0.3609679071510768
794,0.35836271361741256
795,0.3568157399582491
796,0.3565242957138154
797,0.3628346004194387
798,0.3614264799119872
799,0.35576048632865315
800,0.35271795362509323
801,0.3553968818683635
802,0.3566616899151114
803,0.36080760822674635
804,0.3624320834210922
805,0.3667283979792651
806,0.369896088361364
807,0.3714577678870887
808,0.37177035392097735
809,0.37131608354075
810,0.36238456288349163
811,0.3455651957069677
812,0.34278736290434453
813,0.3556514385795286
814,0.312337682591552
815,0.31306205551254274
816,0.31237348454060043
817,0.31439238463185265
818,0.293913464164745
819,0.2930933057875475
820,0.2841809243826003
821,0.28245973560498894
822,0.2945745864762855
823,0.2870420471368386
824,0.2811695778036545
825,0.27945423021884425
826,0.2681809359788599
827,0.25939157187610223
828,0.2538282952892779
829,0.25192893530813393
830,0.2508760618659703
831,0.2521024524152901
832,0.25126770073115706
833,0.2507639208306642
834,0.2293048702604182
835,0.22309793958548835
836,0.21640618315671784
837,0.2132077937681832
838,0.2097388060063456
839,0.2113179270302719
840,0.20729080947709685
841,0.2073483551395192
842,0.20808744100433088
843,0.18213558719248046
844,0.18295630783270886
845,0.19284242563187606
846,0.19759949911618488
847,0.19929283612224838
848,0.2109525392916482
849,0.21183741537402176
850,0.2159189657859267
851,0.21566904337743595
852,0.21579945519229723
853,0.21768630215116158
854,0.21557227754116656
855,0.21197640084937883
856,0.21898003425615067
857,0.2215085189291543
858,0.22207752797169483
859,0.22062395548278155
860,0.22010201181741756
861,0.21788324567725445
862,0.21589183224891387
863,0.21480884847497073
864,0.21668829996662994
865,0.21652355932071163
866,0.2160432560488483
867,0.2115881590856969
868,0.20871477622697093
869,0.1912643028732281
870,0.19134183694993506
871,0.1857254050550228
872,0.1844619560913579
873,0.18427544270181836
874,0.18448080610656398
875,0.18576607877893583
876,0.18433011161050986
877,0.1750866345104246
878,0.21867954429738035
879,0.22193739347162267
880,0.22644437591706876
881,0.22687139945299942
882,0.22719417729490338
883,0.22762835422956343
884,0.23104488085977326
885,0.22908809499267704
886,0.22843241833579161
887,0.21415779736744892
888,0.2125775398695622
889,0.21435368681215405
890,0.21383675476950129
891,0.22014416659272415
892,0.21686916545296941
893,0.2198811471784972
894,0.2180837961343286
895,0.21589293671556928
896,0.21625110910568787
897,0.2148443986928856
898,0.21492654291454255
899,0.15803748927774428
900,0.15503282190125942
901,0.14598823048924106
902,0.14095388104531992
903,0.14273815996143727
904,0.14239807728691387
905,0.1363083929063539
906,0.140554813477192
907,0.13690894239706666
908,0.13495778230912248
909,0.13641404998506357
910,0.13302010077688006
911,0.13237618273951288
912,0.12251703238901762
913,0.13938282406684432
914,0.1496374066385129
915,0.14792831466759965
916,0.14594075293989187
917,0.14449052184656608
918,0.14338667292318916
919,0.14444802750863492
920,0.14478624180089192
921,0.14036037342128513
922,0.1404136141456727
923,0.14293965839394965
924,0.14185859632465117
925,0.14703748251894025
926,0.1470173303315717
927,0.14633241956617837
928,0.14932268640442853
929,0.14780389010854725
930,0.15168451580458148
931,0.16486408171367786
932,0.16780708659874566
933,0.1683704482105527
934,0.1578675509302113
935,0.14393439136317135
936,0.1557125092643729
937,0.16753898144787935
938,0.17129064479283354
939,0.1717404677618443
940,0.16964388051787077
941,0.16885407915288667
942,0.17109212856210462
943,0.17176647186911306
944,0.17042262196312558
945,0.17105893508885253
946,0.1755674301469709
947,0.17551686858624524
948,0.17343785846191812
949,0.17306812950691547
950,0.17396901719101082
951,0.1705282340130601
952,0.15989809004593053
953,0.1570126337531529
954,0.15376797381863525
955,0.1519865476873622
956,0.15233464504651073
957,0.14649562086106666
958,0.1372188432484814
959,0.13852123863522328
960,0.15879374385103961
961,0.1646367861461646
962,0.16865316660950336
963,0.16961221241413435
964,0.16970752099534248
965,0.17127159033346398
966,0.17079917005185744
967,0.1608855510092824
968,0.16108382124727544
969,0.16240724374558815
970,0.16082845824587957
971,0.16123599277949885
972,0.1626305742249672
973,0.1625248027830038
974,0.16290181774668475
975,0.16281072344541597
976,0.16464951540850759
977,0.16656915471522446
978,0.16101416060952467
979,0.16077837347906307
980,0.1556635346269835
981,0.12863503738680349
982,0.11850455703354469
983,0.11600950652452938
984,0.11385308634312029
985,0.11487161112124186
986,0.11317144808993872
987,0.11218746812472481
988,0.11344434690868023
989,0.11839715890520688
990,0.11588615897559448
991,0.11430753489393906
992,0.11388544273400567
993,0.11496957078260217
994,0.11483016986504217
995,0.11831664004475881
996,0.1198667309114301
997,0.12212162951442365
998,0.12193875450469616
999,0.12261496253718727
1000,0.1172181178194599
1001,0.11701947321751688
1002,0.12762034455909452
1003,0.12932840245276533
1004,0.12633302476955124
1005,0.1222407164463426
1006,0.12093637506719275
1007,0.1228710635893686
1008,0.1340602628080177
1009,0.13448091092295972
1010,0.13073288218958068
1011,0.1305267353333252
1012,0.13096059800765264
1013,0.1330608181739114
1014,0.13161169980096488
1015,0.13421195057475901
1016,0.13088575203278588
1017,0.13552269635245323
1018,0.13861208025135643
1019,0.13734373171595482
1020,0.1458597457680044
1021,0.14923440181393993
1022,0.15028986596403085
1023,0.164228841078203
1024,0.16461581307282966
1025,0.16631640107709375
1026,0.1778075572138186
1027,0.1775375759152715
1028,0.17581965937815797
1029,0.17108493508275066
1030,0.17553842564243552
1031,0.17941075870410794
1032,0.18113991957586714
1033,0.182153728344728
1034,0.183420303925333
1035,0.1968347842170001
1036,0.1991389732028771
1037,0.20213612774725487
1038,0.20293983596278012
1039,0.2017962750679735
1040,0.20847341470734126
1041,0.20297591494747189
1042,0.20315055673075752
1043,0.2068894475787654
1044,0.20757578157133927
1045,0.21184883704224894
1046,0.21400317140155475
1047,0.2142097650455474
1048,0.2176749128031433
1049,0.22059870633855969
1050,0.21967864870778747
1051,0.21732681384688776
1052,0.21752695076516004
1053,0.21682507245796315
1054,0.21517714587651865
1055,0.21424344530167996
1056,0.19928565881824467
1057,0.19764123014284068
1058,0.19846225350346985
1059,0.19466160885380585
1060,0.19456050680210793
1061,0.18613472981055784
1062,0.186981047574607
1063,0.18473890046813304
1064,0.18462980505639193
1065,0.16366646670366966
1066,0.15615193688808857
1067,0.15792537045333238
1068,0.14584095033295694
1069,0.1392509260914075
1070,0.1328562653552402
1071,0.1318919394643929
1072,0.1296327041469419
1073,0.1271569568187512
1074,0.12826608587664118
1075,0.12927004596484526
1076,0.12555842219369434
1077,0.13368707994009335
1078,0.13235684139185863
1079,0.12911456252276793
1080,0.17075041887909656
1081,0.1724821829360734
1082,0.17129899962021733
1083,0.16917730216285032
1084,0.16606135198931551
1085,0.1568492310039923
1086,0.1586309155608313
1087,0.1578784193185215
1088,0.15550416802002112
1089,0.1561882608151023
1090,0.1525990951933892
1091,0.15196724374663467
1092,0.1515784406834223
1093,0.1504236485813035
1094,0.14978938664022307
1095,0.14734359787574122
1096,0.14739187829323083
1097,0.14703169204001584
1098,0.14614578113610588
1099,0.15747281121788884
1100,0.15880482842043267
1101,0.12763510821121446
1102,0.12369230931808556
1103,0.12223226008069561
1104,0.1268432539237531
1105,0.12708678504982493
1106,0.12981085427443934
1107,0.12745278673334887
1108,0.1268258539802896
1109,0.12543515004396735
1110,0.12246859466889719
1111,0.12464496650136081
1112,0.12297375569965546
1113,0.12222487590541568
1114,0.12128846182905342
1115,0.12073009336276182
1116,0.12169425364988003
1117,0.12401229073743844
1118,0.12436575860909531
1119,0.11834818142444663
1120,0.09582188986387828
1121,0.09340598357359425
1122,0.09476491433724923
1123,0.09422139503328508
1124,0.09691917639215333
1125,0.08750895216185686
1126,0.0870837210833026
1127,0.08505310486378298
1128,0.08325239875225256
1129,0.0867928729820783
1130,0.08643270677944609
1131,0.0874587402700967
1132,0.08704160448946019
1133,0.08860535756238311
1134,0.08938748247592683
1135,0.10634185525933978
1136,0.10645209573787126
1137,0.10672422711744102
1138,0.10507236092501931
1139,0.10372445168926996
1140,0.10409650513713832
1141,0.10646959057017791
1142,0.10738179287725179
1143,0.10764446592713743
1144,0.10522964220444748
1145,0.1022740462267541
1146,0.1047045234725626
1147,0.10495734848776661
1148,0.10351946297763753
1149,0.10362862306036962
1150,0.10649803910115604
1151,0.10419679491546456
1152,0.1026469886999464
1153,0.10441383275804295
1154,0.10951248212226139
1155,0.11040404436073341
1156,0.09669033324156301
1157,0.09728620554628435
1158,0.09747095221060913
1159,0.0974447180793219
1160,0.0963829122381699
1161,0.096985664362294
1162,0.09593640807043013
1163,0.09647995303234148
1164,0.10488809630099562
1165,0.1298765734619721
1166,0.13118718183481387
1167,0.13064932668747908
1168,0.13608022733206923
1169,0.1414742264747023
1170,0.14337125186466518
1171,0.1387957266527753
1172,0.14100388790769736
1173,0.14250698423147054
1174,0.14293886822871746
1175,0.14072631074149294
1176,0.14117557428450275
1177,0.14490911060407807
1178,0.14674387216965543
1179,0.14864123769669307
1180,0.14796078269572263
1181,0.15008303807181994
1182,0.14927881069106835
1183,0.1509286298663396
1184,0.15198725387433545
1185,0.14678219858367242
1186,0.12690298178388246
1187,0.1276184812796123
1188,0.1310592439152666
1189,0.12328815467569865
1190,0.11658197715435799
1191,0.11352333621883828
1192,0.11287511074055795
1193,0.11167458868682781
1194,0.10932549414599983
1195,0.10729775280080227
1196,0.1049673572836259
1197,0.10296054234944743
1198,0.09736308547403492
1199,0.09323935042467525
1200,0.09006490837649485
1201,0.09216758646860514
1202,0.09637539704814974
1203,0.09646073699562818
1204,0.1015708518457181
1205,0.09912176265120327
1206,0.10066050659673703
1207,0.09949549893663515
1208,0.09773685669476695
1209,0.09274934976111845
1210,0.09386543292631064
1211,0.09303323549506616
1212,0.09189587652325698
1213,0.08988475090157344
1214,0.09098644881358253
1215,0.09243093937622783
1216,0.10428043563843176
1217,0.11332736872876303
1218,0.14054441646343788
1219,0.15143223922827742
1220,0.18613688714542265
1221,0.21603426189913852
1222,0.2179169543443821
1223,0.26702106458188457
1224,0.268798750741937
1225,0.2707865110144672
1226,0.27371965819544275
1227,0.2803343892616568
1228,0.2823289204300489
1229,0.28569021359279356
1230,0.289515110194027
1231,0.29711848492852755
1232,0.29905239591439137
1233,0.3003504169755999
1234,0.30115812757828336
1235,0.30282651193735366
1236,0.304032245933428
1237,0.30349345121060467
1238,0.3061253006539939
1239,0.30088787168663494
1240,0.3008801338215057
1241,0.28278673964867823
1242,0.260698258455608
1243,0.2621363221080652
1244,0.16833586705817452
1245,0.16794860002390644
1246,0.1611237976610962
1247,0.1607892266009585
1248,0.2621910633298026
1249,0.27413651113281845
1250,0.27853572575153374
1251,0.2839305438707236
1252,0.27469618508057025
1253,0.2741901543502255
1254,0.2706516368173063
1255,0.2798388984871428
1256,0.28019759972532327
1257,0.27988773328972766
1258,0.2789607749534037
1259,0.2802344334909302
1260,0.2822273858182594
1261,0.28370461952234793
1262,0.27768321418155845
1263,0.27992061594968914
1264,0.2834925214826851
1265,0.28374866635471174
1266,0.2843510726407038
1267,0.2827327489287687
1268,0.2840053834319586
1269,0.21126328168066655
1270,0.1906952764296674
1271,0.1850602351684053
1272,0.1679165094999947
1273,0.16878588703498076
1274,0.17065529413421993
1275,0.1726873626617205
1276,0.15499736865694366
1277,0.15319819914974805
1278,0.1531803995275653
1279,0.15402820551507126
1280,0.15234269097279438
1281,0.15087886264372732
1282,0.14970798032839772
1283,0.1518219851371982
1284,0.1495949379436343
1285,0.1428836061686065
1286,0.14297547789321632
1287,0.1367354273496597
1288,0.13471229505755095
1289,0.13401206926539044
1290,0.13319132265845018
1291,0.1335584257696063
1292,0.18117268603923267
1293,0.1956760943517594
1294,0.1931461143897106
1295,0.19108565687146606
1296,0.19012734451107957
1297,0.19088696894129692
1298,0.19011615483008013
1299,0.1904663261945509
1300,0.1972026678315636
1301,0.20223565223543696
1302,0.20694831825248228
1303,0.20380451097355598
1304,0.20478507832342066
1305,0.24295809865580162
1306,0.24174603165434386
1307,0.24471161478928968
1308,0.25538562436160633
1309,0.2574131721646385
1310,0.2677249001194594
1311,0.26956729019329284
1312,0.26936810537044836
1313,0.24911614397429183
1314,0.243724590024019
1315,0.25064927577027213
1316,0.2571560199855368
1317,0.2604085734826211
1318,0.2671299073745016
1319,0.27056583329548545
1320,0.27008787286573427
1321,0.289745052405783
1322,0.2904254871501727
1323,0.2881972479981463
1324,0.2892454817731354
1325,0.29110129275917923
1326,0.2716022575310941
1327,0.2723915236029711
1328,0.27221733381759516
1329,0.2579285404342739
1330,0.2541786443477105
1331,0.24059095715835918
1332,0.23772978005038142
1333,0.23808110489816556
1334,0.23150110973355598
1335,0.22851727666446597
1336,0.22151100482832384
1337,0.2256530098614946
1338,0.2235091824368247
1339,0.21623674747418076
1340,0.2188897602067436
1341,0.2182121910784973
1342,0.1867641752119939
1343,0.18451471793725466
1344,0.1942881534215484
1345,0.193072813770243
1346,0.19376743075103592
1347,0.22736069444359333
1348,0.23027611880385176
1349,0.23282734369693422
1350,0.23467879681490475
1351,0.238261721437423
1352,0.24232545591656135
1353,0.24422617657015475
1354,0.24674056600080005
1355,0.24847487235742222
1356,0.25099114460012045
1357,0.2520399262667374
1358,0.2452970125704217
1359,0.2446325112139693
1360,0.2411027642365564
1361,0.23699567247075895
1362,0.2389374782576026
1363,0.24324541748285827
1364,0.24400302362772444
1365,0.23395913795345027
1366,0.23868827393175254
1367,0.2440159831478345
1368,0.1971186179832434
1369,0.19157723451178352
1370,0.18411562505516882
1371,0.1878281644261591
1372,0.18584488599904878
1373,0.1819545238751252
1374,0.1827866223195072
1375,0.17992849321868157
1376,0.17954906340827137
1377,0.179067613992791
1378,0.20261366581365717
1379,0.2029155115745114
1380,0.2045093635752575
1381,0.28159955757488486
1382,0.28973889790644114
1383,0.29000147402438714
1384,0.2851636283070329
1385,0.2950494128492841
1386,0.3044481293786154
1387,0.3095739268146532
1388,0.3196714185407579
1389,0.3205692500633314
1390,0.32141760378668577
1391,0.3586429618640003
1392,0.3564797416238074
1393,0.3495892448780764
1394,0.34860394056343297
1395,0.34628887979742995
1396,0.34312891867310247
1397,0.34899307133888857
1398,0.34820868564743435
1399,0.34020975949817456
1400,0.3391107151640554
1401,0.3403128551664946
1402,0.3061715207245821
1403,0.30043695928671765
1404,0.3055185180008121
1405,0.30701641507500876
1406,0.3003399901882982
1407,0.2926934300896004
1408,0.2858243386445542
1409,0.27379917641129337
1410,0.27313202969713846
1411,0.2728884557081364
1412,0.2193003713082871
1413,0.21743219279967213
1414,0.2248259895482019
1415,0.22706333662504397
1416,0.2315006007189976
1417,0.23499782925134524
1418,0.24076440118578665
1419,0.23995559058023488
1420,0.25334318980322784
1421,0.25598118807659487
1422,0.2525281759574464
1423,0.2528265472798899
1424,0.2524814632495439
1425,0.2432333214805609
1426,0.24311210854311055
1427,0.24078526434128109
1428,0.23874458988231134
1429,0.23982593621070192
1430,0.2331792135971857
1431,0.23197289660019832
1432,0.235712114930393
1433,0.227372760101357
1434,0.24589565517746123
1435,0.24237359659878824
1436,0.25006683829468107
1437,0.24650540497662232
1438,0.2417831812009604
1439,0.22269210971895842
1440,0.23678845421751044
1441,0.22233257021759514
1442,0.21802134848320726
1443,0.2220317740838002
1444,0.22027353476424202
1445,0.2216424264749226
1446,0.21920937398161924
1447,0.21777014050509388
1448,0.21400699433294176
1449,0.21492107914356237
1450,0.21207260966827268
1451,0.21068993748239395
1452,0.2068582085634783
1453,0.20155757297852545
1454,0.19844729107395415
1455,0.17134277557581973
1456,0.17097425673561328
1457,0.16343912133052713
1458,0.16673984528375302
1459,0.1705764132564962
1460,0.17355944181038901
1461,0.15334073131699563
1462,0.14888133687944488
1463,0.1486523260216136
1464,0.14668249780019937
1465,0.14856039644322855
1466,0.1586748774479181
1467,0.1625873363314415
1468,0.1629357147571919
1469,0.16968010025717506
1470,0.17008858878730054
1471,0.18149774673037744
1472,0.20381384021157167
1473,0.21453880958049978
1474,0.22182766719506286
1475,0.22493448676334285
1476,0.23475377273980116
1477,0.2371633308556241
1478,0.23796430704249
1479,0.24506030328779432
1480,0.2881566541701891
1481,0.2930767204336648
1482,0.29643269640064657
1483,0.29924705389223627
1484,0.3016845387705266
1485,0.3027240204496462
1486,0.2972031927092226
1487,0.29123107005190124
1488,0.29545565155165837
1489,0.29694848357239784
1490,0.29763602747542806
1491,0.3050978813050184
1492,0.3047322846884169
1493,0.2992093379496556
1494,0.2963097028913317
1495,0.2919898775526388
1496,0.2944115158629506
1497,0.29122154078054713
1498,0.2903521623497885
1499,0.288618058298234
1500,0.28501681715108607
1501,0.2537169679646187
1502,0.25069132226202406
1503,0.2497130366657526
1504,0.2465107828737353
1505,0.2523364838555084
1506,0.25618816162082086
1507,0.2593096997273406
1508,0.26144149319031723
1509,0.2598680446921394
1510,0.26103147713002267
1511,0.26135745775509706
1512,0.2509322330785993
1513,0.251658180768278
1514,0.25113143749384004
1515,0.2524065512448213
1516,0.2551860432751887
1517,0.3013942757455319
1518,0.3080716665862562
1519,0.32645017212555566
1520,0.32701823021622795
1521,0.3410540653236631
1522,0.35176822395162344
1523,0.35246061022295866
1524,0.35744702469624867
1525,0.35920108406487455
1526,0.35217392771458594
1527,0.34691984729401437
1528,0.34795093180044795
1529,0.3464158406918786
1530,0.3428205708783818
1531,0.3418145273551846
1532,0.34251732858497735
1533,0.34088406630261664
1534,0.3379345482115069
1535,0.3374189057314674
1536,0.3367911698652113
1537,0.336657475537278
1538,0.28677700732003153
1539,0.2819295983686846
1540,0.25387476492062494
1541,0.25352452207417764
1542,0.22946658553250687
1543,0.20773167670638373
1544,0.20316633076790355
1545,0.19647221401444612
1546,0.19665038174961078
1547,0.19391993733425503
1548,0.2071375997680882
1549,0.20549326485380617
1550,0.20904023709977296
1551,0.20051025113226853
1552,0.2018549963229862
1553,0.19418608909257268
1554,0.1951320446293706
1555,0.1937985467256638
1556,0.21211227307622613
1557,0.21193276825284676
1558,0.21026817508516502
1559,0.20879917342398846
1560,0.20395220159494704
1561,0.21213841147640777
1562,0.21100447847693204
1563,0.2082986152741976
1564,0.21294413290313077
1565,0.21127298312399134
1566,0.21621740788055477
1567,0.21758833805389824
1568,0.21873991099137471
1569,0.19557241362288966
1570,0.19713352114373434
1571,0.19298971605635223
1572,0.19606592474437864
1573,0.19651716491244953
1574,0.1969536979671336
1575,0.19444998902046887
1576,0.1937029666807362
1577,0.17417935892234965
1578,0.1769270301692428
1579,0.17352069219196145
1580,0.20272989087705007
1581,0.20624541894433476
1582,0.2468189674632267
1583,0.24949208489851105
1584,0.2539737186007188
1585,0.2514879182088636
1586,0.2514959886148229
1587,0.2498791116844501
1588,0.258890490450751
1589,0.2853475066860817
1590,0.2802042469261701
1591,0.2807247936347612
1592,0.27977560469084717
1593,0.2773512849957705
1594,0.2729767125984715
1595,0.2735007130476151
1596,0.28526388989002976
1597,0.2889978167652384
1598,0.28412901910506483
1599,0.2814867363815555
1600,0.27994920503262183
1601,0.260003992672932
1602,0.2579461100274675
1603,0.21429220901306945
1604,0.21491972852473729
1605,0.21312566254243087
1606,0.2127107383558133
1607,0.21376073922387376
1608,0.21023715330801782
1609,0.20106931979210488
1610,0.15980991267640673
1611,0.16620750570997572
1612,0.15787865681542204
1613,0.15572368827337327
1614,0.15678809941391328
1615,0.16673637259930557
1616,0.16506997420556657
1617,0.14802431878691463
1618,0.14421129935175528
1619,0.14548153480783915
1620,0.14713855359377534
1621,0.14364675191395732
1622,0.14319364014164718
1623,0.14218668323568998
1624,0.13981027117659672
1625,0.14041690491791636
1626,0.14153551627163188
1627,0.1408845624851185
1628,0.1394242983472338
1629,0.13996914973834595
1630,0.14209543989304224
1631,0.14344737845044578
1632,0.1363965451107132
1633,0.1359208620613632
1634,0.13728407631124942
1635,0.13645109429043767
1636,0.12487224910981247
1637,0.12744033556479703
1638,0.12115701934945142
1639,0.1210059974920581
1640,0.12183693087450193
1641,0.12111775217738516
1642,0.1216771066178495
1643,0.11837723858709093
1644,0.12072116302241984
1645,0.13925048609498009
1646,0.13653611033510638
1647,0.1333581285760899
1648,0.1340507638951432
1649,0.13645136402792762
1650,0.1350455038353132
1651,0.13021005412294817
1652,0.1300246854318292
1653,0.13336195697276548
1654,0.13457390404498046
1655,0.13461192743226255
1656,0.13671834164500715
1657,0.13786951364702069
1658,0.13545365737974752
1659,0.13633730297267233
1660,0.13181009199579655
1661,0.1357226096246203
1662,0.13542958219221385
1663,0.13591593761142837
1664,0.13621623145276862
1665,0.13354630124120717
1666,0.1083750090122026
1667,0.1034352535761473
1668,0.10018981153739792
1669,0.1045156360481884
1670,0.10028487872187272
1671,0.09844634726260008
1672,0.0989831943397005
1673,0.09884847245207473
1674,0.09495471978961058
1675,0.09482664121832628
1676,0.09452558522329041
1677,0.0958396280761912
1678,0.09465219109510926
1679,0.0959798744987111
1680,0.10247525176171776
1681,0.1033520230782069
1682,0.10322674451500047
1683,0.10260831308101788
1684,0.10901286764575431
1685,0.11177641929013805
1686,0.1215684877450837
1687,0.13349719891765116
1688,0.13386071272223066
1689,0.13493614529347098
1690,0.13047863557877473
1691,0.13304406628854418
1692,0.133921499578316
1693,0.1356091020380047
1694,0.13343360169878082
1695,0.13330310995002012
1696,0.146816935037772
1697,0.15901345154168567
1698,0.3730552405633949
1699,0.3611736926166504
1700,0.35960575382481635
1701,0.3598063920195998
1702,0.35865452311893103
1703,0.35805797619887497
1704,0.35793089112121707
1705,0.35682284456174684
1706,0.355749729956671
1707,0.355375662900768
1708,0.3534531622350422
1709,0.3529562850819967
1710,0.3524914285547454
1711,0.352361148694275
1712,0.3505360145668456
1713,0.3479220071186752
1714,0.35123916212567513
1715,0.35438591234926686
1716,0.3529064797885493
1717,0.3615350766129676
1718,0.3642436153512393
1719,0.2794439124114405
1720,0.2781585792717172
1721,0.27612634081648446
1722,0.27541362944131154
1723,0.2771867068668195
1724,0.2896934853537164
1725,0.2894060558600663
1726,0.3075169897582867
1727,0.3352351729539394
1728,0.3386355408933022
1729,0.35548165996631914
1730,0.35882680786298937
1731,0.3606334883433488
1732,0.36165399608899246
1733,0.37500448871760417
1734,0.38297778829356577
1735,0.3809418833540459
1736,0.3769655192444289
1737,0.38011717716532
1738,0.37155935997336703
1739,0.3678565772296767
1740,0.36112172935207265
1741,0.3628704933523244
1742,0.3622216232416119
1743,0.36633402286538785
1744,0.3662807950194132
1745,0.36023181237489216
1746,0.3612711470206572
1747,0.346382229940288
1748,0.3147349308937283
1749,0.30996777422122196
1750,0.28469933970910044
1751,0.281001045424816
1752,0.2714007788792143
1753,0.2692456125701084
1754,0.24032943650668456
1755,0.2186925361721979
1756,0.20285056572029625
1757,0.19527298264544324
1758,0.19741977169297287
1759,0.1685524805209586
1760,0.16522331983786612
1761,0.16349317253499124
1762,0.15695564517014712
1763,0.15722951694013887
1764,0.144229092046107
1765,0.1412686469266919
1766,0.14109487720660263
1767,0.14009009929091926
1768,0.13528036156905712
1769,0.13387793070985612
1770,0.1353072365148155
1771,0.13182223505439922
1772,0.13013933320106594
1773,0.1345265900073588
1774,0.13041038285071033
1775,0.12506150398944224
1776,0.12461801486869122
1777,0.12329013027338385
1778,0.12244359545145361
1779,0.10482843419989195
1780,0.10528244658318743
1781,0.09869743739535138
1782,0.09675929122793885
1783,0.09779851237404902
1784,0.09628218071543497
1785,0.09535706562094272
1786,0.09618996518667165
1787,0.09748023746054511
1788,0.11617600618933603
1789,0.1150715668327868
1790,0.12113610129236493
1791,0.11922760657716824
1792,0.11931463969347927
1793,0.11926962831009524
1794,0.11477755812616965
1795,0.11419132668141321
1796,0.11320615101324395
1797,0.11434441807948804
1798,0.11717724555150708
1799,0.1158415882458425
1800,0.11205216650157646
1801,0.11408269884866636
1802,0.14107508537185057
1803,0.18089529201015933
1804,0.182833835654542
1805,0.1872405276666484
1806,0.1926278103933338
1807,0.1969507485183606
1808,0.2000625568068099
1809,0.20021260489632225
1810,0.2104102501047886
1811,0.21549640398010703
1812,0.2199995576898207
1813,0.2214111895993382
1814,0.22258266734935403
1815,0.22784458333791213
1816,0.23443041210095344
1817,0.23930618775173823
1818,0.24332386144269047
1819,0.24526248364062278
1820,0.24734671665166652
1821,0.2512253803594752
1822,0.25551216208911703
1823,0.25086661324844606
1824,0.2397343382804893
1825,0.2402166723356446
1826,0.24249945048045093
1827,0.24082731299211207
1828,0.24108033266056927
1829,0.2420280737890108
1830,0.23579478121684327
1831,0.22829815248061197
1832,0.21963207623750483
1833,0.21493086465339026
1834,0.21502541548916926
1835,0.21774338170684537
1836,0.21279601941395643
1837,0.20032976298320382
1838,0.19239967947478115
1839,0.18681113760944473
1840,0.1796541326494952
1841,0.17701875385216284
1842,0.17404264215054463
1843,0.16808578388577192
1844,0.16653098529353985
1845,0.1613366804073359
1846,0.1771566599353892
1847,0.1698004771571144
1848,0.17109218569641002
1849,0.17386137992774683
1850,0.17147739444404617
1851,0.17302308018798182
1852,0.172706201542461
1853,0.17452178640925164
1854,0.17510136634865714
1855,0.17271118596406018
1856,0.1668925359995509
1857,0.16382263625903046
1858,0.17063608820639053
1859,0.17177819536613687
1860,0.17444982655107746
1861,0.17524963798245388
1862,0.17518114660587294
1863,0.1750156265408275
1864,0.17572328490370043
1865,0.19177866794928886
1866,0.19788558548984989
1867,0.17640226968701364
1868,0.17553895735068908
1869,0.17303626213754703
1870,0.16708930759687676
1871,0.16165849805083038
1872,0.16194493363295928
1873,0.16122033418399997
1874,0.16658336894630096
1875,0.16930559921108793
1876,0.17207317217702536
1877,0.17356354507974772
1878,0.1764137853397323
1879,0.17583789387482784
1880,0.17543572533390184
1881,0.16798849184771197
1882,0.1692508036313123
1883,0.17107317230190952
1884,0.17539552255485977
1885,0.17681344720672482
1886,0.16513574499484784
1887,0.15906240733898655
1888,0.15411367471293927
1889,0.15403004803414094
1890,0.15823644444941862
1891,0.15892462086867012
1892,0.15375020286863902
1893,0.14941430370172662
1894,0.1469649457400553
1895,0.13849893568763946
1896,0.13370391525402286
1897,0.12850781709682013
1898,0.12560721931868762
1899,0.1235247172484629
1900,0.11365067603501865
1901,0.11113002438257322
1902,0.10862297702330707
1903,0.10674583422374337
1904,0.10394675771942344
1905,0.09913950130339767
1906,0.09603019170932384
1907,0.08805480637430026
1908,0.08947587562027069
1909,0.09051307526396431
1910,0.09345121876208848
1911,0.09251682792221287
1912,0.0918347448781805
1913,0.09359445582238829
1914,0.09812483507790623
1915,0.09831342797945093
1916,0.10164244444764164
1917,0.10811229944086395
1918,0.11089669139779096
1919,0.11244414627659233
1920,0.11512078051274674
1921,0.11568294711619317
1922,0.116933472837899
1923,0.11559059596936822
1924,0.11534590648248903
1925,0.11562828743894393
1926,0.11719010108790834
1927,0.11759628949788285
1928,0.12525346377222543
1929,0.13044217769421176
1930,0.13251709144324056
1931,0.1282804688531858
1932,0.12520267856352255
1933,0.12587430875375066
1934,0.12446183606788022
1935,0.12301508289383149
1936,0.12279513474064704
1937,0.12216844840279581
1938,0.11891033091888832
1939,0.12065994283302153
1940,0.1238307110023433
1941,0.12156308032056505
1942,0.12057485708562948
1943,0.12206164138784627
1944,0.12446805385792578
1945,0.12395773205851039
1946,0.12308856159435583
1947,0.12305453098636415
1948,0.12484673108944053
1949,0.12051758125415198
1950,0.11367649346671395
1951,0.10670420193671631
1952,0.10735670675596162
1953,0.11534807304492412
1954,0.11237780283113408
1955,0.11853283030307098
1956,0.11835806341408744
1957,0.12301224199980074
1958,0.12366132256766356
1959,0.1267889023949067
1960,0.12643634246951257
1961,0.12356605381720916
1962,0.12497528998650484
1963,0.12735574936306562
1964,0.1250415101645382
1965,0.1276443713537958
1966,0.14670130834450706
1967,0.14906076964836226
1968,0.14789330801535316
1969,0.1463413341830199
1970,0.14537818825331536
1971,0.14779079856211066
1972,0.15108406260719803
1973,0.15334994424418483
1974,0.14920913227711285
1975,0.15146211613005037
1976,0.15020223262345295
1977,0.1563927703061134
1978,0.15528582296182014
1979,0.15362050679591904
1980,0.14678486417207964
1981,0.14412388548391417
1982,0.14132350972076999
1983,0.141536420736615
1984,0.13921904415805347
1985,0.13749373997020195
1986,0.13257931011675528
1987,0.1018893884498664
1988,0.09827900581612495
1989,0.0971116469428732
1990,0.09565250862542184
1991,0.09530033769284552
1992,0.09258271963806632
1993,0.09035225203468818
1994,0.08996053393612384
1995,0.08164914984295822
1996,0.08234046482768421
1997,0.08119338186638074
1998,0.0741345641125207
1999,0.06903041663941964
2000,0.07103877145262237
2001,0.07358251000599922
2002,0.07232313491378692
2003,0.07598183743011933
2004,0.077313317326127
2005,0.07747974841598314
2006,0.07820545241329474
2007,0.08090971894198089
2008,0.08025887260777449
2009,0.08222652562456323
2010,0.08187666117307271
2011,0.08000482335155489
2012,0.07887047442082805
2013,0.08119534846612048
2014,0.08277712340405388
2015,0.08353724247327478
2016,0.08277055539555336
2017,0.07994508940851236
2018,0.07790107952309511
2019,0.07550197237272871
2020,0.07557120585140094
2021,0.07388721779698613
2022,0.07051740132273654
2023,0.07170497991372386
2024,0.07027592964154283
2025,0.07009205258896704
2026,0.06951699456362842
2027,0.07009034059330155
2028,0.06103534779613427
2029,0.059869212140444036
2030,0.05622726511363628
2031,0.05671972632550422
2032,0.05885734982302569
2033,0.058763036639852995
2034,0.05776012900956183
2035,0.06004897735042637
2036,0.059519055578492894
2037,0.059023805263476295
2038,0.06063016254965309
2039,0.06184687086229143
2040,0.06145631986913799
2041,0.062394843370671464
2042,0.0624726670066753
2043,0.06529649854422981
2044,0.06559156999724061
2045,0.06552811664874596
2046,0.06527874309105844
2047,0.0667759205970646
2048,0.06728323080430967
2049,0.06784444679688821
2050,0.06877893405028507
2051,0.06862424282771094
2052,0.06806194447750215
2053,0.06878440003847032
2054,0.0689309607299967
2055,0.0684977425593608
2056,0.06637970410283282
2057,0.066619504081866
2058,0.06723156750361753
2059,0.06719266323976217
2060,0.07928495935970631
2061,0.08570687447217124
2062,0.11779191343093097
2063,0.12469468327171146
2064,0.12400048417759146
2065,0.12386358304361751
2066,0.12305444553919515
2067,0.12111615868646568
2068,0.12181396762634081
2069,0.12209059057508388
2070,0.12133092582521815
2071,0.12070169729149273
2072,0.12103920468986919
2073,0.12196393657124185
2074,0.1202984599534537
2075,0.12064824569262862
2076,0.12524139854064995
2077,0.12648490468427506
2078,0.12787390658773368
2079,0.13741215650541305
2080,0.14023234562629558
2081,0.13384035763241428
2082,0.12836199206512713
2083,0.1003319610872682
2084,0.09361940884445101
2085,0.08746514003464922
2086,0.08568892251322982
2087,0.08849083109136789
2088,0.08919690449123381
2089,0.08660233319330633
2090,0.08619380965465602
2091,0.08496190918413747
2092,0.08544652771610187
2093,0.08589263134288454
2094,0.08765274751427705
2095,0.08752840074745558
2096,0.09097621901785773
2097,0.08950413749851169
2098,0.09352213191849769
2099,0.09828156246502373
2100,0.0978661625562658
2101,0.10269156222760048
2102,0.1033383003601182
2103,0.11150798549964437
2104,0.11200029129165986
2105,0.11923948530132707
2106,0.12369559495274766
2107,0.13892728428860568
2108,0.1381490454248153
2109,0.14158314624750512
2110,0.14342303629873007
2111,0.14297106679137547
2112,0.1466173521326241
2113,0.1464384488995955
2114,0.14718218492600665
2115,0.14780945959629135
2116,0.15062767812120118
2117,0.15037368576388926
2118,0.15064573418746094
2119,0.14717748384610602
2120,0.14648561269466562
2121,0.14313830246381673
2122,0.13930120744653496
2123,0.13760699932457862
2124,0.13240651241743656
2125,0.13447530542975608
2126,0.12486274012057147
2127,0.12146710918393341
2128,0.09738383262569845
2129,0.09733497594703328
2130,0.09464098508519751
2131,0.09082705932380661
2132,0.08983643037453864
2133,0.08654250923031392
2134,0.08895510069651148
2135,0.09028708870776325
2136,0.08771690236967263
2137,0.0873183355915181
2138,0.08640001160222745
2139,0.08411021550744076
2140,0.08382711709894253
2141,0.07769714865298163
2142,0.0711173683202996
2143,0.08460561978678233
2144,0.08868546633118995
2145,0.08390281869860901
2146,0.07972550335060662
2147,0.08109921785322403
2148,0.07953977890696703
2149,0.0860657912681161
2150,0.0864969136713877
2151,0.08462873271976205
2152,0.08652786838527927
2153,0.08557024181539005
2154,0.08784640254423229
2155,0.08561180028320567
2156,0.08478586389161036
2157,0.08489705141301823
2158,0.08640053649211285
2159,0.08774946419615898
2160,0.08673103926890467
2161,0.0858631351239812
2162,0.0868196793275248
2163,0.08442409631076962
2164,0.06878635436168022
2165,0.06642507546900431
2166,0.0658517818958384
2167,0.06562629900682339
2168,0.06584831191508633
2169,0.0670880926161826
2170,0.06034012913591587
2171,0.06060067123469509
2172,0.06121630400729264
2173,0.05887197706112755
2174,0.06030474290346971
2175,0.05939039778317842
2176,0.06382649489573475
2177,0.06458779425128042
2178,0.06631579534987406
2179,0.0672135355851449
2180,0.06854571286152548
2181,0.07052804423071321
2182,0.07293576940544422
2183,0.07948150700336311
2184,0.09675045361998812
2185,0.10222434132812572
2186,0.11387776967034036
2187,0.12943155023868538
2188,0.13314165336474504
2189,0.13638734931740518
2190,0.1394378415283891
2191,0.1447694119095994
2192,0.14832406896748537
2193,0.15083214225754496
2194,0.15225452517185822
2195,0.15729451085219157
2196,0.15936694153636669
2197,0.15865615953654497
2198,0.16685220395970116
2199,0.16801339688649788
2200,0.17953209712666088
2201,0.1910154775269694
2202,0.19181157245974959
2203,0.19598723611150462
2204,0.19136989544097602
2205,0.17776815768328988
2206,0.18138319560106195
2207,0.1700318509757675
2208,0.17923080749223377
2209,0.21161613135268859
2210,0.22086971864502233
2211,0.25338857685632676
2212,0.26316819384074247
2213,0.295358162452917
2214,0.31928341394728976
2215,0.3330702318462805
2216,0.32897741136392233
2217,0.3270476279231899
2218,0.326000174375419
2219,0.3215949296606442
2220,0.32400101387759467
2221,0.3200966824793514
2222,0.3175667642725127
2223,0.31885807335237004
2224,0.3155429794327178
2225,0.31345338623059876
2226,0.31002730483572294
2227,0.30256724673748275
2228,0.3063926535775343
2229,0.29769067537033295
2230,0.2796542666046456
2231,0.2747894602766448
2232,0.2478566571786695
2233,0.23948779040663293
2234,0.20446295938934328
2235,0.1874564987113787
2236,0.16612071608729645
2237,0.16722944254242458
2238,0.1755279628741522
2239,0.19280758686960625
2240,0.2260171315869604
2241,0.2312092371565343
2242,0.25249005621342574
2243,0.24954168282816086
2244,0.25510698610928007
2245,0.2553618514973545
2246,0.2715330297046144
2247,0.2729367913456302
2248,0.2807350003851831
2249,0.2803450515895701
2250,0.28233125660767777
2251,0.2841816621141268
2252,0.2838949803277651
2253,0.28422877216599207
2254,0.28481881756770605
2255,0.28871976411089884
2256,0.2819794082785535
2257,0.2835243430471864
2258,0.28542081789753027
2259,0.2815173250093379
2260,0.2705398322912319
2261,0.24378773265997258
2262,0.2349005570281844
2263,0.20580794415931025
2264,0.2007716438304767
2265,0.191195055796657
2266,0.19034388537244012
2267,0.16536614127884924
2268,0.16724095706085476
2269,0.15619861760478726
2270,0.15535139118580102
2271,0.15246710873692257
2272,0.15746679667296284
2273,0.15982991210617042
2274,0.1571409619007257
2275,0.15931469972014173
2276,0.15289506923012985
2277,0.15201709610526795
2278,0.15543271287849733
2279,0.14975335860400957
2280,0.14437091240412162
2281,0.13843522188860136
2282,0.1362909052054653
2283,0.13943487343098745
2284,0.14284005473479516
2285,0.1455527725648035
2286,0.1449800974585682
2287,0.1493783729354497
2288,0.15492291455690438
2289,0.15010465010712243
2290,0.15265398333209745
2291,0.1541072163970612
2292,0.15225401278102485
2293,0.14299263687857725
2294,0.14197798135334766
2295,0.14720155186977146
2296,0.14911575219337533
2297,0.1492123352384681
2298,0.14653590772662847
2299,0.1433641003423311
2300,0.1471176102257165
2301,0.14836835939230486
2302,0.1488695266749283
2303,0.15048924913062067
2304,0.14976793078966946
2305,0.14876474992338398
2306,0.14857309192210486
2307,0.20419247711605915
2308,0.21528151116352343
2309,0.21067034210239746
2310,0.21319373750813694
2311,0.2085166574902961
2312,0.20693577788205347
2313,0.2072579677962569
2314,0.2114353484751931
2315,0.21286748480850606
2316,0.20826018972408716
2317,0.2055853236110403
2318,0.20557430813888594
2319,0.20757923830726718
2320,0.2073519521401894
2321,0.2013713732648068
2322,0.20125800363476332
2323,0.20378201364357793
2324,0.20902638943105667
2325,0.2043672148535191
2326,0.21179304423703985
2327,0.21460272194407787
2328,0.15564644886582116
2329,0.13925535272485645
2330,0.1337901483696564
2331,0.13123079846440336
2332,0.13124558109658305
2333,0.1327337001318358
2334,0.13271345643134372
2335,0.13121412914876093
2336,0.13102792768347687
2337,0.1417170936641504
2338,0.14622915520848379
2339,0.15659614585083523
2340,0.16735178687656524
2341,0.17793426766084752
2342,0.18682521343629713
2343,0.18956328224726848
2344,0.19471385689193066
2345,0.19913504331496149
2346,0.21074002731730346
2347,0.20673352637332137
2348,0.21472020352933183
2349,0.2138155773706433
2350,0.21339046888647842
2351,0.2185845626813507
2352,0.22697217570820472
2353,0.22887185353453204
2354,0.23293874375555002
2355,0.2307291128993894
2356,0.23040814501780188
2357,0.2331850081904628
2358,0.23053221374311023
2359,0.22870797796014988
2360,0.23165926781182358
2361,0.23908525942588427
2362,0.23498290463649443
2363,0.23170746245445756
2364,0.2331907754556673
2365,0.223693790521633
2366,0.22054094854260123
2367,0.211509297155737
2368,0.20866577090739358
2369,0.20249827986607388
2370,0.2026113389380587
2371,0.20404945398673058
2372,0.19887547878806236
2373,0.19583163635340622
2374,0.2029731548221284
2375,0.20106192095819084
2376,0.20296981433744068
2377,0.2028485063163479
2378,0.20259761783254823
2379,0.19714160064561054
2380,0.20105803926817906
2381,0.19510333332420257
2382,0.17987185969603214
2383,0.17749820575793684
2384,0.1758025574363174
2385,0.17853909808180868
2386,0.18517388673660168
2387,0.17658944011444747
2388,0.18005129666166048
2389,0.17803290608097003
2390,0.18089657777179197
2391,0.17763728460388972
2392,0.17527181375066073
2393,0.17551083422497413
2394,0.16694445899259588
2395,0.15242083376765236
2396,0.14751564573369086
2397,0.14631734286344003
2398,0.14599385251493113
2399,0.14311606518164335
2400,0.14553359777784883
2401,0.14393791264800437
2402,0.14031827040847267
2403,0.13943586438031377
2404,0.14261394055436136
2405,0.1405845985484116
2406,0.1282708209617436
2407,0.12381801454448926
2408,0.12831292122364563
2409,0.12543532987863332
2410,0.12367732312056494
2411,0.11915850367370211
2412,0.11703855201718326
2413,0.11514001584288189
2414,0.11284181746793646
2415,0.1131248121862151
2416,0.11447866481490343
2417,0.11405714723783467
2418,0.1148177566634974
2419,0.11601544965855605
2420,0.1142362046371555
2421,0.10890245940407596
2422,0.10078304548866501
2423,0.09861270600908277
2424,0.09949602968139398
2425,0.09202658441041622
2426,0.09318136782145033
2427,0.09276079623476262
2428,0.09097184167740315
2429,0.09067803481569084
2430,0.09157852188811944
2431,0.09579879269825223
2432,0.09601850493421828
2433,0.09760977621930843
2434,0.09695198656688497
2435,0.09425816519331774
2436,0.09375839385016221
2437,0.10084906387985702
2438,0.11436045375042472
2439,0.1140059011037175
2440,0.1150532182953411
2441,0.11971171328115862
2442,0.12272425432756487
2443,0.1253405783915004
2444,0.12730737828181135
2445,0.12579107920486332
2446,0.12695880022798628
2447,0.12969691226354155
2448,0.13005597925939907
2449,0.12246350928833279
2450,0.11986483697073672
2451,0.12146404786779219
2452,0.1238038847387122
2453,0.13505833409414808
2454,0.1368260887569426
2455,0.14712775477257833
2456,0.1544494535110456
2457,0.1620919422686867
2458,0.1625247336242385
2459,0.15296863862583834
2460,0.1555914682833314
2461,0.15675155726875603
2462,0.15715459790079733
2463,0.15433159914752495
2464,0.15339483655431502
2465,0.1500751721497499
2466,0.14690851921284884
2467,0.14622441028876568
2468,0.14633161252029586
2469,0.14357623466331204
2470,0.14275849573049404
2471,0.1425466106572194
2472,0.13900627182046682
2473,0.13741615354861098
2474,0.12982727301222044
2475,0.12851410521551315
2476,0.12193341047966427
2477,0.11762873440067256
2478,0.10613157694068188
2479,0.09992688990488327
2480,0.09671544778560863
2481,0.098891288257824
2482,0.0990280821084611
2483,0.09960209878520265
2484,0.11017068335902898
2485,0.11075805713972227
2486,0.11432755798293916
2487,0.11183012741595817
2488,0.11128165910308332
2489,0.11006333035371624
2490,0.11360139418428686
2491,0.11462450610815078
2492,0.11451675387357878
2493,0.11525641292150172
2494,0.11695993272022549
2495,0.11788091246264956
2496,0.11905105465005944
2497,0.1214325132310874
2498,0.1239984096958416
2499,0.13355831041944638
2500,0.13449672489996978
2501,0.13597165767256583
2502,0.14036055122217803
2503,0.14678646050252575
2504,0.15069643379378633
2505,0.1445857814841863
2506,0.14721464416798016
2507,0.14690351792744422
2508,0.1511015621272525
2509,0.15729924852115737
2510,0.15851839721671976
2511,0.1611936459812643
2512,0.16609212989489783
2513,0.16790609271297618
2514,0.16682087130459533
2515,0.16367440946261366
2516,0.16211145066369378
2517,0.16040844422057488
2518,0.15478531606612456
2519,0.15148430752772005
2520,0.14166089347256672
2521,0.14130139109087983
2522,0.14201971996245996
2523,0.1455225658388587
2524,0.1390255829179788
2525,0.13514649203219345
2526,0.13431247846921943
2527,0.13164243177261037
2528,0.1323047490825142
2529,0.12911743884844323
2530,0.1239449125022019
2531,0.12635352340771475
2532,0.12612005896508863
2533,0.12551486206762746
2534,0.1195986305978699
2535,0.12182904914354299
2536,0.12718802627375034
2537,0.12676129828679022
2538,0.14075535158244937
2539,0.14234667891790823
2540,0.1453403279406286
2541,0.1465361821087577
2542,0.14794089186122525
2543,0.14675323185314024
2544,0.14181360086470637
2545,0.13670243780856356
2546,0.13319641404393895
2547,0.13319070701540872
2548,0.14508954914645125
2549,0.145904467875631
2550,0.1475376812746028
2551,0.15108327936797564
2552,0.15476618560774516
2553,0.1570103733653419
2554,0.15490537252963255
2555,0.1574643812887021
2556,0.1597069244144838
2557,0.15709329437554803
2558,0.1757789449070381
2559,0.1689341485343579
2560,0.17545730546123567
2561,0.18371779258232016
2562,0.1824088688241452
2563,0.1817189391975218
2564,0.1892740269353877
2565,0.18507599556423485
2566,0.18887969077371947
2567,0.2024303586476721
2568,0.23474307406766656
2569,0.23201032642081282
2570,0.23144609080638212
2571,0.23245085972769894
2572,0.23063140082577688
2573,0.23201798698647677
2574,0.2333643289093832
2575,0.23458198235687155
2576,0.23520091404628393
2577,0.23403455006190366
2578,0.23263287921983208
2579,0.22045115543569518
2580,0.21989220922842606
2581,0.21546492685389748
2582,0.20787552533291198
2583,0.20782037667284928
2584,0.20812280542961986
2585,0.2043440983475243
2586,0.20306587463417153
2587,0.202908757151837
2588,0.19102251565994882
2589,0.13505733365007225
2590,0.13047728236754408
2591,0.13220737983205272
2592,0.1394630286504233
2593,0.1391709492329467
2594,0.12949880036204783
2595,0.12705483066808887
2596,0.13005440958706535
2597,0.1275556708534577
2598,0.1260292283140739
2599,0.13174451951688845
2600,0.14248045677174576
2601,0.14506019113845023
2602,0.14802080968516823
2603,0.15513795507932726
2604,0.16739920198008476
2605,0.16836382054618973
2606,0.16242196645982657
2607,0.15525811061094547
2608,0.15216942712974085
2609,0.14921607794647326
2610,0.1499103087918763
2611,0.15157488593467403
2612,0.1520021061933092
2613,0.14730609371207326
2614,0.14954276319428933
2615,0.15008532275825198
2616,0.15419576371748897
2617,0.15104638880658225
2618,0.15201927994201625
2619,0.15443833015713324
2620,0.14883604447229962
2621,0.14283972610924642
2622,0.1385178429895237
2623,0.13585688857060993
2624,0.1259559193800817
2625,0.11279467814945222
2626,0.10887305804879588
2627,0.10888538670539134
2628,0.1128255057747711
2629,0.11327774336356024
2630,0.11930303627885595
2631,0.11913082572569812
2632,0.11459898115097689
2633,0.11697175725459447
2634,0.11671699837846448
2635,0.11768232421789261
2636,0.11620443252946099
2637,0.12893519421536218
2638,0.12856284482926553
2639,0.1273985088463233
2640,0.12824819423669775
2641,0.12989068915311217
2642,0.13289844866692543
2643,0.13792621877706412
2644,0.13833933226343567
2645,0.14487613364568636
2646,0.14884881567753022
2647,0.1501025868383039
2648,0.15301161254090737
2649,0.1534575894782529
2650,0.15601107857540975
2651,0.15339655020842072
2652,0.1531904025246934
2653,0.1555091208139479
2654,0.15293601132985502
2655,0.15278500094022607
2656,0.1547052609307192
2657,0.15923777162083888
2658,0.16255627521075877
2659,0.1658262762647563
2660,0.16935087552303046
2661,0.16924851709930988
2662,0.17402013748564812
2663,0.17470146205270448
2664,0.21289290493039015
2665,0.21859318041534756
2666,0.23638339505212216
2667,0.26447290895480663
2668,0.28345136715066716
2669,0.2829703027280749
2670,0.28610940933866497
2671,0.28686458441409823
2672,0.29855375905118114
2673,0.30910749995266845
2674,0.3189595923706512
2675,0.33231684607658
2676,0.3455940142197204
2677,0.3485296055245543
2678,0.33738271876621606
2679,0.33468365367606556
2680,0.3307159870775184
2681,0.3335142849912626
2682,0.3348893326263104
2683,0.3349440839406953
2684,0.3354454895215395
2685,0.322664212322301
2686,0.32206821183986634
2687,0.32223552457948823
2688,0.316797929686678
2689,0.3114953826041965
2690,0.3137338089386029
2691,0.31450616943341575
2692,0.3152625615540735
2693,0.3115410286249552
2694,0.30821817448028965
2695,0.3019364215949396
2696,0.29298319825619507
2697,0.2691078094741018
2698,0.24539230290259353
2699,0.2555378400527952
2700,0.2410942627187674
2701,0.2420765491415891
2702,0.23032398272211232
2703,0.2263497748637535
2704,0.22687958401756667
2705,0.2278383901994509
2706,0.23583512339382123
2707,0.2401072419560437
2708,0.22424203050236044
2709,0.21883839829976992
2710,0.2173946806738347
2711,0.209904809619904
2712,0.20162824196908807
2713,0.19754578419554714
2714,0.1940798681333016
2715,0.19698062695163304
2716,0.1969810514972269
2717,0.19416409709404217
2718,0.20698800782069057
2719,0.21292122834972282
2720,0.21135994554373463
2721,0.21175951856943231
2722,0.21372700181393275
2723,0.21335224486205898
2724,0.21081897108454906
2725,0.20524170710575643
2726,0.20024714765538
2727,0.19153749949564536
2728,0.18355491600576543
2729,0.1763531855474133
2730,0.1797331036103806
2731,0.1768541047684625
2732,0.1768625816859858
2733,0.17772937477485348
2734,0.17659745955555506
2735,0.18335548774958094
2736,0.18333935307076113
2737,0.1856375363551499
2738,0.18581163739170464
2739,0.1744262983419286
2740,0.15452615822097301
2741,0.15050322405600866
2742,0.1489813921896406
2743,0.15114426027258132
2744,0.1500582453985107
2745,0.1546341631163952
2746,0.16094373515149038
2747,0.16339441465040222
2748,0.1677850917367971
2749,0.175289332749151
2750,0.18738452476800926
2751,0.1849329377817995
2752,0.18784211595164588
2753,0.2030793369567225
2754,0.21511633806009053
2755,0.22623512250905584
2756,0.21574572961817248
2757,0.21347802850546566
2758,0.2119230687957933
2759,0.21138837572066146
2760,0.21138258909060015
2761,0.2152028810662285
2762,0.21842197377289582
2763,0.22325012244640394
2764,0.23432497881897338
2765,0.23922819983627203
2766,0.2438647960917385
2767,0.24436022219895923
2768,0.2462496001909382
2769,0.24802986811909938
2770,0.244932467916714
2771,0.23479109451844407
2772,0.233217280525417
2773,0.23593817021465646
2774,0.22805985693106623
2775,0.22344130573525317
2776,0.20878254937324547
2777,0.2181042015816995
2778,0.21719034680292265
2779,0.2169280559751709
2780,0.21875371087879222
2781,0.2188552507981424
2782,0.2327594162268769
2783,0.23147925181725404
2784,0.22766610827600672
2785,0.20937057024561123
2786,0.2066653061243598
2787,0.2032724804036122
2788,0.20351883326645395
2789,0.19930425158457088
2790,0.1978701769072822
2791,0.20400126034775135
2792,0.20774763391880502
2793,0.2055546155744124
2794,0.2081661341300705
2795,0.20827674551603503
2796,0.20211584680814676
2797,0.2021557127592942
2798,0.19298354488535982
2799,0.19531700599532098
2800,0.19600285559110117
2801,0.19678651105355918
2802,0.200039278685311
2803,0.18735166994431715
2804,0.18632996323492773
2805,0.18968646754444043
2806,0.19132441756744986
2807,0.18942478591818063
2808,0.18669874300194472
2809,0.1799516556006887
2810,0.1817725026363128
2811,0.17699213273789133
2812,0.17071446573713056
2813,0.17105731681329225
2814,0.17147895846634245
2815,0.16284524360424238
2816,0.1603953386402281
2817,0.162516104737899
2818,0.15996724901575032
2819,0.15850695712664994
2820,0.16265923918160533
2821,0.16328769076240596
2822,0.16685721931411165
2823,0.16296504895077357
2824,0.16322846822995402
2825,0.1705243030053944
2826,0.16943009277527488
2827,0.16945945491977216
2828,0.17686851981594745
2829,0.20992166482653926
2830,0.222362146197231
2831,0.24120505326800692
2832,0.408342754057641
2833,0.5760008678277182
2834,0.5910718232023148
2835,0.5893445901466505
2836,0.5901164389714425
2837,0.589583552820912
2838,0.5904097144630679
2839,0.5924855236061326
2840,0.5927092919013786
2841,0.5936890075645413
2842,0.5928647423544642
2843,0.5917940649454098
2844,0.5931494976388136
2845,0.594385874096897
2846,0.5952829507566826
2847,0.5873435186074231
2848,0.5826722153665695
2849,0.5800157756853727
2850,0.5757693439964051
2851,0.5709312942444489
2852,0.568382731828155
2853,0.5397306132327199
2854,0.37618099222500134
2855,0.30442592676238633
2856,0.28075223578811054
2857,0.2604731321851172
2858,0.2504740359426346
2859,0.24167597401316648
2860,0.23057902885431533
2861,0.22949837500429993
2862,0.22573315127685584
2863,0.2215464222244519
2864,0.21944340928750997
2865,0.2153529429574846
2866,0.22255636805377269
2867,0.2275097947029906
2868,0.23597876006074175
2869,0.2471385018005599
2870,0.249961228227012
2871,0.2523599719667923
2872,0.24473182378560857
2873,0.24989152445314625
2874,0.251734816791252
2875,0.24944070192633697
2876,0.25359501794357625
2877,0.25031198285077527
2878,0.2599383175860642
2879,0.2553429976926906
2880,0.2501676872081181
2881,0.24780523042342167
2882,0.2449190139291534
2883,0.23900900726486582
2884,0.2302467391495168
2885,0.23446280556890095
2886,0.23581339489719186
2887,0.22858408680980366
2888,0.22277931034682877
2889,0.22372435842632415
2890,0.20750007504588155
2891,0.20801625458708256
2892,0.20260033733372185
2893,0.20899659301410214
2894,0.21501847202970686
2895,0.22585384682339268
2896,0.23966177095297636
2897,0.24100750492309442
2898,0.24738687215446917
2899,0.23938182243368364
2900,0.24059737143556018
2901,0.24533344349817468
2902,0.24828857279831387
2903,0.2505231465691317
2904,0.2589524590559334
2905,0.269024456858151
2906,0.2651328651683998
2907,0.26723633934337304
2908,0.2695073716935649
2909,0.2758184030622321
2910,0.2762231431897274
2911,0.28343673707652156
2912,0.2807387497086019
2913,0.2844260545105402
2914,0.28430465703612484
2915,0.2782949201588091
2916,0.2695028867877578
2917,0.2559629554949932
2918,0.25650104533000895
2919,0.25159192156588633
2920,0.24611663044071067
2921,0.2475771271571068
2922,0.2404627838352311
2923,0.23083544699420352
2924,0.22704879093209487
2925,0.20345701155926918
2926,0.2015848816698111
2927,0.20493486424788568
2928,0.20380948178109842
2929,0.19571084230548833
2930,0.1821998992781665
2931,0.1768317606452763
2932,0.1663474090910085
2933,0.16406747778094247
2934,0.16602677332361654
2935,0.16021923670773744
2936,0.17040784306196355
2937,0.16553384535166354
2938,0.16815213294795833
2939,0.16719217348775228
2940,0.16509731113861564
2941,0.16628636091984725
2942,0.16001860283839733
2943,0.15955451489754824
2944,0.1629886439481619
2945,0.17000982580829216
2946,0.17558630431349914
2947,0.16653602099433754
2948,0.16742347886023484
2949,0.1684919718066085
2950,0.17160688925209522
2951,0.17403572171900986
2952,0.17211392458857458
2953,0.17197960405832732
2954,0.36785692031657385
2955,0.36358002025755937
2956,0.3842983895580784
2957,0.38015121727458356
2958,0.37991930238483396
2959,0.3772814533535656
2960,0.3773652399367003
2961,0.3812359421355309
2962,0.3818273761084564
2963,0.38007435622737096
2964,0.38011505123166733
2965,0.3813011704088904
2966,0.38325373730164974
2967,0.38496678924781313
2968,0.384960745133368
2969,0.3821612859209866
2970,0.37841840327799675
2971,0.37791638375030573
2972,0.3774317917363492
2973,0.37961650071449143
2974,0.37951010116115247
2975,0.25821605666172803
2976,0.24761201568440022
2977,0.169234270900007
2978,0.15723709429085014
2979,0.15782826884518883
2980,0.15123483710723742
2981,0.14704649600218944
2982,0.13848313404831988
2983,0.13311521969282133
2984,0.13395145525447844
2985,0.13699119324192957
2986,0.13664787229068157
2987,0.13685915134273804
2988,0.13418439980073432
2989,0.13205982455131532
2990,0.12898584173972247
2991,0.12752027191229667
2992,0.12176974831541308
2993,0.11683049295435974
2994,0.0983286740682521
2995,0.09599851876864943
2996,0.09659120639036656
2997,0.09757742052175576
2998,0.09571893983327744
2999,0.09018534434177312
3000,0.08690007134198514
3001,0.08684673811057281
3002,0.08667256966496303
3003,0.08829695716183096
3004,0.09138248370816479
3005,0.090557085691254
3006,0.09139706515107006
3007,0.09154324231420709
3008,0.09126585622795551
3009,0.09519092468504031
3010,0.0960571413481001
3011,0.09580052689255596
3012,0.09613603420096384
3013,0.09850274841913396
3014,0.10045797295427926
3015,0.10112320304383016
3016,0.10207777862298854
3017,0.10010553677380704
3018,0.09966564907142426
3019,0.09828812594214853
3020,0.09210173207463868
3021,0.09761741744804028
3022,0.09738786824511073
3023,0.09835026987111412
3024,0.09351072467945529
3025,0.09552504982131926
3026,0.09643897211709265
3027,0.09342266470822633
3028,0.09280673653442158
3029,0.09505205497337366
3030,0.09642746085604877
3031,0.09777242332052592
3032,0.10077755497476837
3033,0.1162163030839607
3034,0.11977059494403769
3035,0.12054905829477866
3036,0.12250517166609001
3037,0.12215097810808959
3038,0.12119091212986935
3039,0.12159101543950637
3040,0.12121223427772554
3041,0.12133170826180896
3042,0.11671225472041548
3043,0.11909016486610592
3044,0.11825987007109465
3045,0.1196844255909765
3046,0.11744066679207626
3047,0.11656961612781853
3048,0.11797023431776982
3049,0.12104950679349197
3050,0.11985136879831985
3051,0.11721941263608258
3052,0.1229918609472301
3053,0.14600565632707782
3054,0.13407862404109344
3055,0.13322099268634865
3056,0.14151956767746765
3057,0.15324962785847732
3058,0.16335572520886352
3059,0.16864766212019927
3060,0.1712292820534689
3061,0.17355504423225684
3062,0.17555854687731168
3063,0.17908136722849904
3064,0.1782747825641634
3065,0.17906014302943635
3066,0.1797972632374838
3067,0.17947505237123673
3068,0.1832424884809547
3069,0.18553855557156515
3070,0.18522526832217379
3071,0.19751443331006122
3072,0.19942271387323254
3073,0.19695117697415776
3074,0.18154821532386145
3075,0.1966347298093569
3076,0.1965373970497544
3077,0.18424297849360524
3078,0.17253700029164895
3079,0.19330382492598366
3080,0.19666250613060515
3081,0.19633554265996264
3082,0.19303671341178166
3083,0.19346665582840533
3084,0.1933455177395746
3085,0.18851457617546247
3086,0.18610872355086497
3087,0.18404735657545607
3088,0.18371822368335144
3089,0.17767320171600332
3090,0.17621113988417852
3091,0.1770420035545487
3092,0.16741469186926236
3093,0.16754584476533227
3094,0.1631924900015466
3095,0.15974198576337229
3096,0.15007707720708263
3097,0.15163158427464976
3098,0.1532513878061653
3099,0.15435755945057156
3100,0.11882455867027246
3101,0.11111464650410907
3102,0.11491483963716904
3103,0.11718385536326567
3104,0.11587701233403078
3105,0.11940895081471169
3106,0.12404262906922804
3107,0.12791795485377952
3108,0.14889536237347242
3109,0.1591308814104851
3110,0.16218293263234587
3111,0.1645843022733122
3112,0.16385107810352886
3113,0.16539403318096285
3114,0.16512200916856531
3115,0.173526904444051
3116,0.17488821864721626
3117,0.1744757182671446
3118,0.17674792833149117
3119,0.17777850278372256
3120,0.17873638115979876
3121,0.1761429385823998
3122,0.17749621744175043
3123,0.17163879816655986
3124,0.16978760122864694
3125,0.174157843961175
3126,0.17767311523767546
3127,0.17235756886099166
3128,0.168664298569568
3129,0.14799113896140315
3130,0.1355132413354747
3131,0.13523542068891214
3132,0.13269767698457338
3133,0.12996747846102788
3134,0.1272010371720862
3135,0.1316187927709724
3136,0.1253513730060529
