window_index,gc_1
0,0.9693296309912245
1,0.9689660320693009
2,0.9693502859790647
3,0.969622417987693
4,0.9695614222633261
5,0.9699443614219166
6,0.9693411468852293
7,0.9696055221965466
8,0.968241729224542
9,0.9731254785484569
10,0.9738410951268766
11,0.9730101944815805
12,0.9731401967329362
13,0.9729459270759785
14,0.9732718115258843
15,0.970982300790998
16,0.9704968546776048
17,0.9713168375407824
18,0.9714067221377042
19,0.9707557451047837
20,0.9692637339735296
21,0.9701575382652606
22,0.9721099250547746
23,0.9733473089374338
24,0.9731344837205402
25,0.9736107444128375
26,0.9729766790944459
27,0.9732382231045194
28,0.9731122595052974
29,0.9730491163298723
30,0.968749277343566
31,0.9675901903760424
32,0.9685375009876568
33,0.9677821592705391
34,0.9724188485029398
35,0.972387499531279
36,0.9722889807768911
37,0.9716313244930902
38,0.9712976676179319
39,0.9729593817726282
40,0.9710764721965328
41,0.9701484477272844
42,0.9700649003246761
43,0.9687644146022443
44,0.9680524178618982
45,0.9683653560694383
46,0.9673381996778282
47,0.9686627235134762
48,0.9677458917368421
49,0.9678764588693415
50,0.9694299133983735
51,0.9698522465724622
52,0.9705097339405214
53,0.9706319062772073
54,0.9703305152623557
55,0.9660916897187073
56,0.9658341366628749
57,0.9661853526897656
58,0.9668211514088718
59,0.9667060569216477
60,0.9601169838800911
61,0.9589658619055971
62,0.9608775126489352
63,0.9601662485910818
64,0.9600016502242754
65,0.9596903875485426
66,0.9589581952136046
67,0.9588822042671055
68,0.9605272803021514
69,0.9631164147298944
70,0.9626006265620282
71,0.9593640487418571
72,0.9595452950186787
73,0.9577669748996809
74,0.9562453723065684
75,0.9578545133740957
76,0.9572430015818142
77,0.9599796818573076
78,0.9591130087174545
79,0.9610302400982219
80,0.9624514914224802
81,0.9715955176549863
82,0.9727923310220865
83,0.9716965456064907
84,0.972165291333619
85,0.9736403395309623
86,0.9757670029299286
87,0.9784601819978567
88,0.9799475128801871
89,0.9840340143664735
90,0.9836932740260124
91,0.9831812057193232
92,0.9838296625014126
93,0.9838598758010867
94,0.9839304854151347
95,0.9842723781546512
96,0.9842879047745666
97,0.9844241370127984
98,0.9857348417158739
99,0.9856519785717688
100,0.9856520957799588
101,0.9859281963756008
102,0.9846178519335002
103,0.9849361978567657
104,0.9849103444117191
105,0.985146426677667
106,0.9850810897466675
107,0.9847110099972483
108,0.9840587149081229
109,0.9829494976222278
110,0.9783597585888796
111,0.9777729628190514
112,0.9780710608622215
113,0.976992701555409
114,0.9768795365223594
115,0.9758342709106946
116,0.975307635535667
117,0.9750536771158835
118,0.9750497937411111
119,0.9694237334767414
120,0.969456562594173
121,0.9695893363067805
122,0.9691881428843941
123,0.9688958905569317
124,0.9682629318204323
125,0.9690591521702802
126,0.967521235695757
127,0.9704234823410594
128,0.9693860197868686
129,0.9716601920315642
130,0.9722796918331003
131,0.9703438146369537
132,0.9693838937711718
133,0.9675806218862544
134,0.9648800931387363
135,0.9650446293169659
136,0.966544120559209
137,0.9667078719339811
138,0.9682169886672392
139,0.9681401652379121
140,0.9671284725608533
141,0.9673667064829473
142,0.9663334446162124
143,0.965952133294458
144,0.966759732466836
145,0.9659470781263289
146,0.96411977503055
147,0.9646507515059732
148,0.9623675814995429
149,0.9618434483661447
150,0.9617223637275675
151,0.9611915768608918
152,0.9644932491886591
153,0.9640810895781277
154,0.9651426479069948
155,0.9669178237824156
156,0.9632419233960243
157,0.9600336980683584
158,0.9552717487547278
159,0.9579453021912738
160,0.9568604428224549
161,0.9560478211936192
162,0.9566665485316664
163,0.9629955994049497
164,0.9641001320303277
165,0.9629427304846708
166,0.9640098740417509
167,0.9660549413285474
168,0.9694344896993637
169,0.970456336390856
170,0.9703443680058615
171,0.97048107804602
172,0.9725881396301383
173,0.9726012265489463
174,0.9722972708552827
175,0.9733753977819126
176,0.9727455437167699
177,0.975955131659234
178,0.9765342296267998
179,0.9773643742398616
180,0.9775186563607435
181,0.9763379481733996
182,0.9758868718336619
183,0.9778119238413993
184,0.9772144264969984
185,0.9759713166526508
186,0.9766787532904746
187,0.9757749648375866
188,0.9757433082013992
189,0.9772078954902087
190,0.9766185586261945
191,0.9764878698317323
192,0.9763625909626619
193,0.9756644946676063
194,0.9752305513338654
195,0.9751166759478755
196,0.9778755677281972
197,0.976833852947559
198,0.9749791563514495
199,0.9737417873202935
200,0.973124164563911
201,0.9731073706629885
202,0.9732339348925849
203,0.9741256400321923
204,0.9713564410446547
205,0.9718166573671463
206,0.9717453628684192
207,0.9706508287182513
208,0.9703463617474289
209,0.9700556685867526
210,0.9679304723012108
211,0.9697372467060894
212,0.9698728460729799
213,0.9691325616411165
214,0.9693853100085226
215,0.9697053493927691
216,0.9694315704317462
217,0.9740536900279981
218,0.973897993516114
219,0.9723153830516065
220,0.9713100616043424
221,0.9708208546109032
222,0.9703436792569837
223,0.9692756567574484
224,0.9685469294139171
225,0.968698268237525
226,0.9684464235548741
227,0.9673501667633642
228,0.9665574712922412
229,0.9670459376213859
230,0.9674131833000917
231,0.9668445061218742
232,0.9641320230712035
233,0.9629945992757999
234,0.9626922928863519
235,0.9611618010805298
236,0.9615061954858651
237,0.9597661748011594
238,0.959261969508187
239,0.9573286519182157
240,0.957996644262336
241,0.960154803733703
242,0.9609301753658178
243,0.9601786034774845
244,0.9616372011753678
245,0.9590258097372307
246,0.9597356090457556
247,0.9604888208833489
248,0.9610518452207443
249,0.9624318462526863
250,0.9605546872109091
251,0.9661618142472
252,0.9707421364282841
253,0.9712604697260011
254,0.9724889872110707
255,0.971340731376313
256,0.9731845258057628
257,0.9726043222730755
258,0.9746643429115096
259,0.9741866604405829
260,0.9765101853708968
261,0.9766728759317034
262,0.9767712357520343
263,0.9761801927338309
264,0.9771186522947659
265,0.9765215670530565
266,0.976394770554679
267,0.9754792211330132
268,0.9760844488603075
269,0.9758396000793207
270,0.9750005309820019
271,0.9738201303007147
272,0.9725928079264753
273,0.9724495595821262
274,0.9727815848180705
275,0.9732317941656018
276,0.973887944354222
277,0.9722056654437091
278,0.9719215629160273
279,0.9720069112436659
280,0.9728531788141891
281,0.972824319284792
282,0.9730647966734106
283,0.9697006981187304
284,0.9693230717233621
285,0.9696470604613043
286,0.9714273473860461
287,0.9724469493719194
288,0.9753944166287772
289,0.9741184286732467
290,0.9751907789219553
291,0.974726022811193
292,0.974556333021661
293,0.9748479958750611
294,0.9725514057919314
295,0.9705027238748486
296,0.9691058839989786
297,0.9693717246496272
298,0.9703956436904356
299,0.9709922843023935
300,0.9710129247875058
301,0.9697326650926303
302,0.9692242955456757
303,0.9680453119592318
304,0.9695436808947384
305,0.9704382152083603
306,0.9698904489883033
307,0.9704517010314557
308,0.9695542633309602
309,0.9708263495904603
310,0.9720987713896415
311,0.9725135985520224
312,0.9732011055452507
313,0.9732695764456203
314,0.9726228477927695
315,0.9732995848273751
316,0.973039342996964
317,0.9726142938426025
318,0.9726973657385342
319,0.9718525747082439
320,0.9719878447374742
321,0.9719369351146554
322,0.9710375849030196
323,0.9698104516136672
324,0.9691400185953271
325,0.9679641033599156
326,0.9662837188294316
327,0.9662194524156206
328,0.9645200400402144
329,0.9643459646656373
330,0.9596135073417087
331,0.9598092850617254
332,0.9575406950565557
333,0.9613719350553114
334,0.9616109394856946
335,0.9613750408107455
336,0.9607591296093311
337,0.9600298233679732
338,0.9597074256079209
339,0.9585209046763493
340,0.9574444119932907
341,0.9575639818839894
342,0.9582157925738468
343,0.9602950695865303
344,0.9588301499748217
345,0.9608368920494911
346,0.9612255051601009
347,0.9624621510312484
348,0.9653386315791875
349,0.9656667953620001
350,0.9649381421292543
351,0.9641834746842783
352,0.9665309393942283
353,0.9674091320621403
354,0.969759363761909
355,0.9683379880813543
356,0.9671094743916598
357,0.9701106523184089
358,0.9707156159861801
359,0.9700020412592085
360,0.9728506576230546
361,0.9727665373893641
362,0.9746250269882949
363,0.9707600994909867
364,0.9690651258135079
365,0.9679457575590981
366,0.9675710303617786
367,0.9662166248430293
368,0.9671728222403687
369,0.9669585432172421
370,0.966312903081959
371,0.9642280790105008
372,0.9651488120915963
373,0.9650571080211984
374,0.9654572763921293
375,0.9645222073132781
376,0.9649289561429779
377,0.967717381371063
378,0.9663448269867094
379,0.967969819225669
380,0.9679746522956014
381,0.9668305369071872
382,0.9670473378415658
383,0.9661358055070837
384,0.9704381430653801
385,0.9704955379580456
386,0.9711317372447122
387,0.9734895851821475
388,0.9746210666101338
389,0.9763883888714489
390,0.9766818817762836
391,0.980368966085697
392,0.9827012251284565
393,0.9826782832523334
394,0.98194746962561
395,0.9811748065571712
396,0.9815992981518414
397,0.9819858310788628
398,0.9802586384486691
399,0.9814099196875172
400,0.9807717511668445
401,0.9810090719353314
402,0.9809803483185869
403,0.9810936664440709
404,0.9818210272666293
405,0.9821996338098354
406,0.9820179362701303
407,0.9816547789052092
408,0.9833208276332491
409,0.9833696940455807
410,0.9831285155890688
411,0.9829772859704313
412,0.9816996616335473
413,0.9811095812736692
414,0.9807808171513615
415,0.9807092092292274
416,0.982314954238568
417,0.9827299740763131
418,0.9832395294180075
419,0.9836800979543749
420,0.983377791365471
421,0.98277930504337
422,0.9808199595491738
423,0.980552414194778
424,0.98067075268873
425,0.9803782514656876
426,0.9798451619120591
427,0.9805782113714799
428,0.9812542058636093
429,0.9811821068515456
430,0.9803310398141087
431,0.9789006439024398
432,0.97888176639412
433,0.9793205364621163
434,0.9776868753068452
435,0.9786974306630145
436,0.9776381944878104
437,0.976404920882845
438,0.9756878086083963
439,0.9766535642662204
440,0.9762731468742052
441,0.9746186487080902
442,0.9706115394367655
443,0.9708465276140406
444,0.9646534783285992
445,0.9622764132329988
446,0.9631936472328886
447,0.9626011855755366
448,0.9636335579110522
449,0.9619244880723465
450,0.9595808450702643
451,0.9601443523427738
452,0.9637038673900926
453,0.9633454932840179
454,0.9641858514128524
455,0.9637083490688175
456,0.9585351522053039
457,0.9597075892478742
458,0.9594640270436245
459,0.9589534869569457
460,0.9587802865473243
461,0.9585219026777777
462,0.9583748295224299
463,0.9587827570427716
464,0.9617093861877722
465,0.9576830076126723
466,0.956182717740213
467,0.9538929047564372
468,0.9521355568613237
469,0.9487524684652542
470,0.946906363755346
471,0.9462436056252206
472,0.9437587196958692
473,0.954199616587071
474,0.9584755534074432
475,0.9559613036331713
476,0.9553856956694097
477,0.9601410143727065
478,0.9581325225171825
479,0.9598735052899005
480,0.9618250796182494
481,0.9633395037878665
482,0.964237282521
483,0.9645444136307276
484,0.9647386491655499
485,0.9620294766216083
486,0.9607985471989218
487,0.9611869824684799
488,0.9606538913019739
489,0.9589870919524608
490,0.9584990037405664
491,0.9586526077335974
492,0.9596248075434394
493,0.959060393563579
494,0.9551178768011854
495,0.9473877497793348
496,0.9471945317587929
497,0.9471928063250048
498,0.9444565640389797
499,0.9468471370613193
500,0.943417531879954
501,0.9429765015481439
502,0.9409144447614615
503,0.9411775863675692
504,0.9402012170921421
505,0.9386660252571395
506,0.9356180595100784
507,0.9431709750687827
508,0.9420142126221025
509,0.9466032312186663
510,0.9461090038236937
511,0.9513757814039148
512,0.9506557429139825
513,0.9479365769783997
514,0.9564114713368347
515,0.9560845860777222
516,0.9589098471739291
517,0.9599464858450751
518,0.9587174396905473
519,0.9584389039778202
520,0.958213471384735
521,0.959975643517215
522,0.9614745240037097
523,0.9601211572130326
524,0.9625975838871718
525,0.9678636286439356
526,0.9672244371888238
527,0.9679889959098639
528,0.9684396092168202
529,0.9693645086054848
530,0.9731447435533235
531,0.9733552720163196
532,0.9768404001949224
533,0.9772381714803633
534,0.9778057430647282
535,0.9778526539156367
536,0.9780262540214049
537,0.9781462356794752
538,0.9788788700064932
539,0.9783166853863694
540,0.9786439533287753
541,0.9787321831396404
542,0.9784262218798279
543,0.9784345064221747
544,0.9783838523836474
545,0.9795455536300237
546,0.978772283271501
547,0.9797243343692181
548,0.9801283975533857
549,0.9798415780464119
550,0.9798303671057238
551,0.9786854499943975
552,0.9780380759776184
553,0.9752357241700904
554,0.9755142656100211
555,0.9752086560049731
556,0.9735309874948425
557,0.9747737558949521
558,0.9757857895705808
559,0.978106797465758
560,0.983379965144134
561,0.9835019327358014
562,0.9839093993638877
563,0.9831795278070079
564,0.9838192912077431
565,0.984299016351024
566,0.9839741011091115
567,0.9838002988459061
568,0.9837348638792742
569,0.9837066631055016
570,0.984143743609576
571,0.9847914498859763
572,0.9854377982572173
573,0.986057795286757
574,0.9859273163919855
575,0.9866641610294404
576,0.9868648404666983
577,0.9875599494213934
578,0.9880788607906696
579,0.9885956535628102
580,0.9871779657689076
581,0.9842166630198781
582,0.9851203753266147
583,0.9872925630784845
584,0.9877438005342271
585,0.9873060114806699
586,0.988787643403902
587,0.9911474524788545
588,0.991813422193674
589,0.9921326937303026
590,0.9921582625161676
591,0.9918111708445718
592,0.9916606937996262
593,0.9924121545648659
594,0.9924648996144803
595,0.9924660219919752
596,0.9925970784793284
597,0.9926111616263757
598,0.9926231659928126
599,0.9927111893075569
600,0.992854826179019
601,0.9929196777564872
602,0.9927002093755614
603,0.9924277887966186
604,0.9921129659607788
605,0.9917890320169744
606,0.9873489947407449
607,0.9875927808797659
608,0.984729848453267
609,0.9846893099569703
610,0.9869115766841532
611,0.9904179754721244
612,0.989761674511112
613,0.9890920001612699
614,0.9914971933048112
615,0.9918475829779183
616,0.9923208845663051
617,0.9923774761439074
618,0.9923993627527843
619,0.993026913990321
620,0.9932159483511634
621,0.9935807284605078
622,0.9943762729013951
623,0.9946252801972598
624,0.9946538404108036
625,0.9944860689545455
626,0.9947196573348924
627,0.9953034713741803
628,0.9954654129309011
629,0.9954626702752302
630,0.9954132661453706
631,0.9954906400746277
632,0.9954245638636615
633,0.9953809220095573
634,0.9953796499133079
635,0.9952207986258276
636,0.9951944478327226
637,0.9951697994420493
638,0.9953645968267776
639,0.9954147462542605
640,0.9953823117743934
641,0.9952463708717278
642,0.9948574470218849
643,0.994517321003332
644,0.9937965584875957
645,0.9939981585948736
646,0.9943365790942554
647,0.9936093440297797
648,0.9920346134041335
649,0.9938188866458321
650,0.9940638315773116
651,0.9941535036014969
652,0.9938364276450603
653,0.993857919362977
654,0.9934283485045652
655,0.9941517239163139
656,0.994381609030224
657,0.9940515912667494
658,0.9936129282375579
659,0.99343085631491
660,0.9935382467241541
661,0.9932570098594661
662,0.9930873240762289
663,0.9931605137643712
664,0.9932202402785758
665,0.9925303801994732
666,0.9923427379997378
667,0.9910270331722113
668,0.9906177751429996
669,0.9905634510560967
670,0.9900914693292959
671,0.989731699635862
672,0.9903311008674286
673,0.989751805178263
674,0.9895969002464746
675,0.9898570101400964
676,0.9890877641530744
677,0.989304787311803
678,0.9894997242461128
679,0.989430756917231
680,0.989534046961626
681,0.9892715814285028
682,0.9897272982771732
683,0.9906720101447601
684,0.991590998926383
685,0.9919991693215539
686,0.9922833486933484
687,0.9918953226645013
688,0.9917721260733461
689,0.9914798556533966
690,0.9911644879629579
691,0.9913763962719125
692,0.9908505043717057
693,0.9902159997937879
694,0.9900199735651727
695,0.9897990988357597
696,0.9898723659667187
697,0.9899811234055924
698,0.9897398121567513
699,0.9895321178153318
700,0.9893891586649675
701,0.9898494730815395
702,0.9895950460879624
703,0.989205081766458
704,0.9888175817983259
705,0.9879625525064673
706,0.9875016131923487
707,0.9875712616110488
708,0.9877925245373589
709,0.9883338777169245
710,0.9877027012414056
711,0.989415175362523
712,0.9891665290881902
713,0.9889542585878919
714,0.9888650245447989
715,0.9916635906463319
716,0.992272894321356
717,0.9926087070308034
718,0.9926088659885463
719,0.99254659064013
720,0.9928853720830069
721,0.9930278199522216
722,0.9930257658485668
723,0.9931478696485873
724,0.9931350818206056
725,0.9932512571857125
726,0.9932112035540692
727,0.9932324073668046
728,0.9931657137870279
729,0.9934405896427954
730,0.9934772148080834
731,0.9940883207040412
732,0.9934034092269016
733,0.9934817950495847
734,0.9935785475698231
735,0.9935655308835828
736,0.9927877771715473
737,0.9924553715835978
738,0.9921404331866329
739,0.9920043814300268
740,0.9920391195368865
741,0.9911690624215322
742,0.9913561218244459
743,0.991038570920022
744,0.9906491176595158
745,0.9898756060492303
746,0.989324633810346
747,0.9889247855730894
748,0.9897275915006134
749,0.9911938897457016
750,0.9911799584625767
751,0.9915218377146854
752,0.9918756398500307
753,0.9925500967550672
754,0.9922227077839574
755,0.9921277113379999
756,0.9920038460474815
757,0.9919689147265607
758,0.9919031752921829
759,0.9920134199013289
760,0.9922108558728332
761,0.991834572335309
762,0.9919868436227489
763,0.9921003675239897
764,0.9922873061113565
765,0.9921326043733876
766,0.9918038668588575
767,0.9922094321359695
768,0.9928589753636411
769,0.9922679887782749
770,0.9890559504140759
771,0.9898811907543829
772,0.9890379815106611
773,0.9888251198216591
774,0.988534851994045
775,0.989348988578065
776,0.9899648509431676
777,0.9902224883843583
778,0.990599457941146
779,0.9906392030298261
780,0.9902357425753116
781,0.9900780772960163
782,0.9897208895359312
783,0.9892329754521104
784,0.9891961788058923
785,0.9889660733995774
786,0.9886860306748467
787,0.9888439253742752
788,0.9883796390906562
789,0.9885195505974873
790,0.9895242498975245
791,0.9891820894480612
792,0.9886634232579831
793,0.9887742263388312
794,0.987984178887626
795,0.9877385539715815
796,0.98794352411136
797,0.9874337679938862
798,0.98689247287531
799,0.9859004529872127
800,0.9851686478827015
801,0.9854704380275521
802,0.9851860678752301
803,0.9852025989943907
804,0.9852270748854003
805,0.9854090233414889
806,0.9857750227653957
807,0.9856813320622567
808,0.9855844994140246
809,0.9857960747155248
810,0.9852218877863216
811,0.9842578289261328
812,0.9843723286326669
813,0.9857110872288203
814,0.9853549066279443
815,0.9856429085544307
816,0.9856407151163463
817,0.9860172329324574
818,0.984545387337097
819,0.9849205564737082
820,0.984585731762093
821,0.9848112929723917
822,0.9856551243158614
823,0.9850419692151204
824,0.985112877570316
825,0.985051978814006
826,0.9850517055330418
827,0.9840357353855641
828,0.983629548367605
829,0.983395383088514
830,0.983437498061889
831,0.9841815095029782
832,0.9843597545458156
833,0.9846972546211149
834,0.9823074097948853
835,0.9825594834924082
836,0.982421553094487
837,0.9819586682573094
838,0.9804573642346384
839,0.9804256209066551
840,0.9798597749276888
841,0.9797144584125997
842,0.9794536539934994
843,0.9789771071698065
844,0.9788205352114568
845,0.979465757072786
846,0.9806425765868368
847,0.9810609812510734
848,0.9827199811626779
849,0.982741803644446
850,0.9833389881658091
851,0.9829895448302047
852,0.9829213195288262
853,0.9830337668190263
854,0.9824468582241649
855,0.9820151219976944
856,0.9819672552171771
857,0.9827224542446569
858,0.9836700508022717
859,0.9840497154129568
860,0.9837846313716603
861,0.9838133091174901
862,0.9836589752984837
863,0.9835703228469018
864,0.9839382416758695
865,0.9836640435413572
866,0.9835173716266639
867,0.9829021505854454
868,0.9827656241371094
869,0.9819122139974709
870,0.982306170044978
871,0.9818383998542844
872,0.9823404601615933
873,0.9819608068408104
874,0.9806566900897766
875,0.979958197079426
876,0.979815227560579
877,0.9788077655786759
878,0.97971924552003
879,0.9778640385971247
880,0.9778962288143905
881,0.977098018775347
882,0.9758546247569372
883,0.9753178735333662
884,0.9753915914883935
885,0.9745860587596561
886,0.9747352371464256
887,0.9732072614748204
888,0.9732393428534853
889,0.973412533886523
890,0.9729132966453004
891,0.9746352119053928
892,0.9732612132442099
893,0.9743043582341333
894,0.9744119816540103
895,0.9741566072637591
896,0.9743073645894026
897,0.9732161072884653
898,0.9728727983289264
899,0.9686960702765735
900,0.9716579139705971
901,0.9718435677219388
902,0.9727690385080411
903,0.973852816515429
904,0.9722809572839928
905,0.9706848804825762
906,0.9715788125442664
907,0.9704713868378756
908,0.9689297019284462
909,0.969405625577515
910,0.9700122019615837
911,0.9698903322678311
912,0.9702427151992625
913,0.9732590239827307
914,0.9765814541078978
915,0.9766819691522892
916,0.9771434403623576
917,0.9771653700493445
918,0.978391845898744
919,0.9769773111570318
920,0.9763035278780041
921,0.9750214230156878
922,0.9743432370224024
923,0.9755588398901065
924,0.9760232387057667
925,0.9782687050496135
926,0.9786740180370527
927,0.9802350569413844
928,0.9788024661278543
929,0.9788218400455666
930,0.9802481787037447
931,0.9833756516825853
932,0.9838781223522072
933,0.9835926357889697
934,0.9828117754604858
935,0.9807351259697827
936,0.9830857321364732
937,0.9822659176006786
938,0.9813115155671894
939,0.9804518362523785
940,0.9809066126329011
941,0.9803096583887135
942,0.9812333388432565
943,0.9814332938736088
944,0.9816820064620633
945,0.9824188785726464
946,0.9819938268681035
947,0.9818410735391195
948,0.9809735523472836
949,0.9818437587336726
950,0.9820202753942545
951,0.9816845885748768
952,0.9787924125449441
953,0.9794993211373637
954,0.9789239807899625
955,0.9779672070830274
956,0.9783802909789653
957,0.9774620438598357
958,0.9763633336453034
959,0.9772573758309951
960,0.9770926249900085
961,0.9780987807519507
962,0.9782794667429082
963,0.976568980633462
964,0.9757340247534709
965,0.9756714949996359
966,0.974729806332937
967,0.9729176441317577
968,0.972366398025283
969,0.9720952114884067
970,0.9718273058699209
971,0.9711105069014103
972,0.9708409897143203
973,0.9695454287455844
974,0.9698405089801264
975,0.9690975788762837
976,0.9688030685039708
977,0.9692072751193587
978,0.9684007090711105
979,0.9686876139424573
980,0.9688094726151767
981,0.9715034600171664
982,0.9704208056605761
983,0.9709064248593978
984,0.9741314580487535
985,0.9742407582900178
986,0.9719961087989196
987,0.9712214244306304
988,0.9702687361017692
989,0.9690149935676826
990,0.9686233923392245
991,0.9691070840394364
992,0.9696000956267518
993,0.9679978784533853
994,0.968522947319977
995,0.9680308829223897
996,0.9670582938801596
997,0.9682367456660276
998,0.9663147817588006
999,0.9662629725322224
1000,0.9655307022558023
1001,0.9639414833394299
1002,0.9660534181260858
1003,0.9669590231760823
1004,0.9646267395093644
1005,0.9642822094141126
1006,0.9634976140092213
1007,0.9652433138481576
1008,0.9715444567678642
1009,0.9724969071132842
1010,0.9694612488512844
1011,0.9697819518063253
1012,0.9694211442080912
1013,0.9697593706161345
1014,0.9706963790132987
1015,0.9654160073826855
1016,0.9658420548715851
1017,0.9694832894738215
1018,0.9708729793795037
1019,0.9708741447844137
1020,0.9725789985647662
1021,0.9748915574585031
1022,0.9752111117104433
1023,0.9750057048010158
1024,0.9728321185849442
1025,0.970981353260851
1026,0.9714370447250861
1027,0.9715782422300809
1028,0.9716029015939427
1029,0.970158812319915
1030,0.9685568365262823
1031,0.9679739650191078
1032,0.9695351197780193
1033,0.9699468690156193
1034,0.9702806394100386
1035,0.9710206769660596
1036,0.9721013033886239
1037,0.9715249962884314
1038,0.9720689631024412
1039,0.9707411943610956
1040,0.97196426289346
1041,0.9711658745063563
1042,0.9706469764014674
1043,0.9709103019763049
1044,0.9691159749935451
1045,0.9718143669913554
1046,0.9723360011778469
1047,0.9709928628491675
1048,0.9712133834034857
1049,0.9704867362861234
1050,0.9684563248177008
1051,0.9684344323555243
1052,0.9683275267852749
1053,0.968139365718963
1054,0.9677341126508224
1055,0.967453254803503
1056,0.9670735984078428
1057,0.9678389810243749
1058,0.9669166915023708
1059,0.9658825712704027
1060,0.9666043456332998
1061,0.9654291616713726
1062,0.9659775508080518
1063,0.9667985204879875
1064,0.9698945406578107
1065,0.9700394976853621
1066,0.9681016696748851
1067,0.9700120652987699
1068,0.9697299013137624
1069,0.970417724917818
1070,0.9714436927561168
1071,0.9729431931541881
1072,0.9735379750180729
1073,0.973215909396177
1074,0.972933919839247
1075,0.9717879969892397
1076,0.9713109059529877
1077,0.9745212952250626
1078,0.9758666815296451
1079,0.9771109305243487
1080,0.9701810692483375
1081,0.9720478944427801
1082,0.9727935487053875
1083,0.9717820370925777
1084,0.9728728270297451
1085,0.9697524513772904
1086,0.9707144938686227
1087,0.9707011119593895
1088,0.9718387200187676
1089,0.9722327858588338
1090,0.9718518384818424
1091,0.9727197631792471
1092,0.9737628167288105
1093,0.9738257815114209
1094,0.973010938802088
1095,0.9730839255013883
1096,0.9727895348156347
1097,0.9724879286440791
1098,0.9728117062886898
1099,0.975017731387698
1100,0.9745922145896945
1101,0.9737849289795769
1102,0.9723459441585023
1103,0.969927199124881
1104,0.970605320503197
1105,0.9715342242770648
1106,0.9718930680065297
1107,0.9712262099688437
1108,0.9708506365528693
1109,0.9706902536142136
1110,0.9709828234749918
1111,0.9714652608025394
1112,0.9713475207029532
1113,0.970332571251916
1114,0.9698090580906596
1115,0.9683002276036612
1116,0.9678861721462734
1117,0.9683649750080986
1118,0.9676713610201361
1119,0.9670233194190989
1120,0.9632425556368613
1121,0.9630637568423192
1122,0.9626099047382307
1123,0.9608941680182902
1124,0.9643050370587979
1125,0.9640316910684678
1126,0.9621555578040202
1127,0.9591097420034589
1128,0.9582286451204094
1129,0.9569284032536812
1130,0.9564949691484583
1131,0.9553192262836764
1132,0.9542426647529844
1133,0.9528409936938149
1134,0.951444924164201
1135,0.9592492882040751
1136,0.9561079267561018
1137,0.9553685697161682
1138,0.9551287628156558
1139,0.9534651334336501
1140,0.9554003907662358
1141,0.9578088793238965
1142,0.9555018792893591
1143,0.9567052331887499
1144,0.9532367294283752
1145,0.9499866591895447
1146,0.9504758343166455
1147,0.9490093223045514
1148,0.9494176550131268
1149,0.9485474216941218
1150,0.9614138935036675
1151,0.9639888002265885
1152,0.9642790680769053
1153,0.9683810032302365
1154,0.9698881589141496
1155,0.9692383264003082
1156,0.9651350964649621
1157,0.9648089079337756
1158,0.9641452535896883
1159,0.964356013216475
1160,0.9635858509514641
1161,0.9652361799119457
1162,0.964299387858564
1163,0.9636502368467791
1164,0.9620444834251642
1165,0.9634564466718564
1166,0.9641886865607887
1167,0.9653254918984505
1168,0.967977371921679
1169,0.9695640083766753
1170,0.9694531820970311
1171,0.9670105541703098
1172,0.9679868158382421
1173,0.9675088745069749
1174,0.9671485110196694
1175,0.9665598636962442
1176,0.9640087451071458
1177,0.9651181316527705
1178,0.9651297779629482
1179,0.9656283373302177
1180,0.9645837020053839
1181,0.9628244392650908
1182,0.9616965305491254
1183,0.9632108029841456
1184,0.9623013977939636
1185,0.9628950487459248
1186,0.9594412642593672
1187,0.9581534106285581
1188,0.9622122414716473
1189,0.9612193745756792
1190,0.9595954544802282
1191,0.9628181710046695
1192,0.9641069728609093
1193,0.9656117419889448
1194,0.9643229332752794
1195,0.9658670140294568
1196,0.9632578813547414
1197,0.9615452980084032
1198,0.9578241755214639
1199,0.957190637167531
1200,0.956405187491415
1201,0.9580122146670115
1202,0.9626362413888072
1203,0.9632999987469323
1204,0.9633816928659205
1205,0.9622099817986378
1206,0.9597393025833497
1207,0.9578977010816002
1208,0.9575991137440288
1209,0.9559782359816137
1210,0.9565208208703203
1211,0.9547203936193894
1212,0.9556737434226716
1213,0.9553026157246101
1214,0.9546285742526037
1215,0.953294115136735
1216,0.954168289401037
1217,0.9577312126228771
1218,0.9646815404603405
1219,0.9678884764648306
1220,0.9756093669246992
1221,0.9777736846089178
1222,0.978616176076738
1223,0.9855862039597723
1224,0.9854145459489242
1225,0.985793488528052
1226,0.9859711770666064
1227,0.9861022514122668
1228,0.9862224746356607
1229,0.9861151018200739
1230,0.9860735223782852
1231,0.9863814165073036
1232,0.9855481747424951
1233,0.9845832757477768
1234,0.9841718740132752
1235,0.9837500268310103
1236,0.9838751678786571
1237,0.9826059334479719
1238,0.9818303592213277
1239,0.9796308715095021
1240,0.9785170341082255
1241,0.9749887172837312
1242,0.966803904185078
1243,0.9657771336376483
1244,0.9536377561403789
1245,0.947095498837541
1246,0.9490500200688154
1247,0.9519312669887148
1248,0.9674927736685481
1249,0.9721645002486183
1250,0.9707417187844564
1251,0.973479063808671
1252,0.9727704022879163
1253,0.9721511710063763
1254,0.9723632846146825
1255,0.9750176618340738
1256,0.9751666710951643
1257,0.9750594840582079
1258,0.9753128837634071
1259,0.9751241413730756
1260,0.9751000660266368
1261,0.974271568117046
1262,0.9730510947072072
1263,0.9726017293769748
1264,0.973203359539923
1265,0.9726588934328486
1266,0.9731493533923455
1267,0.9732461835277256
1268,0.9730681386703001
1269,0.968468000479636
1270,0.9694765456037353
1271,0.9686026786738203
1272,0.967895263322075
1273,0.9658016238577609
1274,0.9657033624261184
1275,0.9649180771148014
1276,0.9579039239536766
1277,0.9590471580427138
1278,0.9574919248430502
1279,0.9565271121749811
1280,0.9555322239515169
1281,0.9556791376227638
1282,0.9586877426950275
1283,0.961150168844894
1284,0.9593717313831145
1285,0.9606714024262103
1286,0.960503765627919
1287,0.9599984927158549
1288,0.9578528345288813
1289,0.9577110707457553
1290,0.9597775938058472
1291,0.9592776369690287
1292,0.9575659457524952
1293,0.9584963651999233
1294,0.9560930834708364
1295,0.9550770274007092
1296,0.9546403750705248
1297,0.9551724363075988
1298,0.9538903870564113
1299,0.955037523740827
1300,0.9574290658539739
1301,0.9582934024167309
1302,0.9594154136524097
1303,0.9590476287218885
1304,0.9608925006476478
1305,0.970108864134839
1306,0.9713824052853721
1307,0.9727203749757943
1308,0.9754461814902815
1309,0.9756105995509912
1310,0.9778894551571087
1311,0.9779254293783922
1312,0.977653348565171
1313,0.9786471624501002
1314,0.979380603215427
1315,0.980062764697761
1316,0.9809388986866538
1317,0.9813866781009222
1318,0.9821194248557916
1319,0.9818567330802215
1320,0.9814961679038461
1321,0.9818699099477506
1322,0.9818346641078958
1323,0.9815493979856196
1324,0.9813545168862412
1325,0.9808964369909701
1326,0.9758916608760171
1327,0.9759483467071398
1328,0.975370159390036
1329,0.973635448285715
1330,0.9738051524428961
1331,0.9699541612981869
1332,0.9686626201106938
1333,0.9684690820725849
1334,0.9677965450047107
1335,0.9660921679775639
1336,0.9641080457515286
1337,0.9678665053519162
1338,0.9665946193723083
1339,0.9659304461392931
1340,0.9664460474374712
1341,0.9658383953982107
1342,0.9671622549586973
1343,0.9672967775041299
1344,0.9692794771657304
1345,0.9683381881521269
1346,0.9677168684508279
1347,0.9712982869316364
1348,0.9725373143276089
1349,0.9739235833907204
1350,0.973617917028009
1351,0.9724579955788004
1352,0.9725450083379743
1353,0.9724975573272154
1354,0.9724870896352097
1355,0.9724262728192811
1356,0.9729331839899923
1357,0.9732834099795487
1358,0.9703500737515061
1359,0.9703213215047997
1360,0.9696109962053433
1361,0.9667263422084387
1362,0.9666040361191671
1363,0.9654520971986678
1364,0.9649587710589871
1365,0.9633153893967756
1366,0.9639460281047771
1367,0.964090573658925
1368,0.9609046280681541
1369,0.9589417786612415
1370,0.9537978331678473
1371,0.9542171248164149
1372,0.9535030394101902
1373,0.9522626175290291
1374,0.9522839514389072
1375,0.9506085152906574
1376,0.9506018536287384
1377,0.9504942315271872
1378,0.954687697022089
1379,0.9536812282163807
1380,0.9520517116304915
1381,0.974351407703387
1382,0.9793786741788479
1383,0.9797877869597006
1384,0.9797009077371995
1385,0.980845252884366
1386,0.9817370577715441
1387,0.9835966211514786
1388,0.9837672652294003
1389,0.9837489109247433
1390,0.9838269884786651
1391,0.9842390323754177
1392,0.9840438712036209
1393,0.9845788452691356
1394,0.9844759186318169
1395,0.984320735719833
1396,0.9845234211875864
1397,0.9850266006196217
1398,0.9845904095628741
1399,0.9832269246286321
1400,0.9827699173364132
1401,0.9830684438859494
1402,0.9795216784321628
1403,0.97805605529361
1404,0.9780113525768821
1405,0.978495400778747
1406,0.977368245377527
1407,0.9757064805271808
1408,0.9729987204605719
1409,0.9720017234458309
1410,0.9731109640398443
1411,0.9736057097600275
1412,0.9753263690877452
1413,0.974196865109943
1414,0.9730755650459025
1415,0.9728411080987054
1416,0.9724598125707369
1417,0.9724809143547952
1418,0.9727288058368919
1419,0.9734897699706083
1420,0.9786045178906001
1421,0.9794400964906539
1422,0.9793332675046739
1423,0.9794492275014404
1424,0.9787183633695663
1425,0.9790115520767858
1426,0.9786152118896173
1427,0.9790975745074236
1428,0.9789938009809449
1429,0.979018537151298
1430,0.9771895880828142
1431,0.9765440831859371
1432,0.9776955656648193
1433,0.9754392907385805
1434,0.9757335560920141
1435,0.9757735352075725
1436,0.9753885967688719
1437,0.9745657024432818
1438,0.9735363574896326
1439,0.9687173984513626
1440,0.9693520421059098
1441,0.9639293425354113
1442,0.961525273063744
1443,0.9606428869563194
1444,0.9595763429398733
1445,0.9599504485418088
1446,0.9585626739604787
1447,0.958442963874009
1448,0.9585095825061405
1449,0.9577120287577374
1450,0.9543079214586142
1451,0.9540724839112308
1452,0.9527871363097943
1453,0.9519768296283697
1454,0.9533235464081555
1455,0.9492628225732177
1456,0.9475698606343061
1457,0.9459104035408443
1458,0.9509964799983711
1459,0.9502840473933364
1460,0.9490408492287673
1461,0.9469462473419404
1462,0.9444254759549848
1463,0.9450663915720646
1464,0.9458900720751346
1465,0.9458886083005689
1466,0.9462346342873155
1467,0.9506191983080469
1468,0.9522852387461533
1469,0.9547750434148029
1470,0.9556043019463966
1471,0.964057947779003
1472,0.970481910381398
1473,0.9737638399476333
1474,0.9736719742154283
1475,0.9740983395783138
1476,0.9754263097589254
1477,0.9758540061665069
1478,0.9787014833217915
1479,0.9809089354174256
1480,0.9857557134185811
1481,0.9865154662532042
1482,0.9865420365764117
1483,0.987358473594852
1484,0.9884941064543781
1485,0.9887916028065901
1486,0.9886418198194239
1487,0.9879245465372223
1488,0.9878029088939165
1489,0.98752023615579
1490,0.9878206539327684
1491,0.9870300033124493
1492,0.9864263175881235
1493,0.985327200858195
1494,0.9845696852600252
1495,0.9842542657782852
1496,0.9837481900820375
1497,0.9835991340655738
1498,0.9842989610292552
1499,0.983166825515316
1500,0.9825156223378891
1501,0.9807605947912539
1502,0.9797840303011232
1503,0.9785091258584986
1504,0.9768757265046546
1505,0.9747504770715796
1506,0.975926619326696
1507,0.975894569397438
1508,0.9765425952348915
1509,0.9762668645402054
1510,0.9759488645797572
1511,0.9758762283019836
1512,0.9786315316565172
1513,0.9790346145289518
1514,0.9789325985897525
1515,0.9809923857070851
1516,0.9819350025676511
1517,0.9806344854777889
1518,0.9816694934941989
1519,0.9829338014895074
1520,0.9835510787368427
1521,0.9835383826746531
1522,0.9837603260860704
1523,0.9842961540496752
1524,0.9846516770902476
1525,0.9852335869940312
1526,0.985622743869812
1527,0.9853367307860059
1528,0.9853471623314568
1529,0.9853950955321533
1530,0.9853262490185616
1531,0.9852568719150911
1532,0.98509336195159
1533,0.9844977046897762
1534,0.9838408289620416
1535,0.9827759279834636
1536,0.982099212277366
1537,0.9817929916744466
1538,0.9823526864079688
1539,0.9808598303766765
1540,0.9786371660990527
1541,0.9777280599481841
1542,0.9777205051007674
1543,0.9769824363132152
1544,0.9758413588518676
1545,0.9754387661195295
1546,0.9754376852654272
1547,0.9759055414887321
1548,0.9747157213790747
1549,0.9735066014833486
1550,0.9748968016126636
1551,0.9752164354797513
1552,0.9743253900198235
1553,0.9725520775171063
1554,0.9712396510573407
1555,0.9709979781330623
1556,0.9718067600274848
1557,0.9710352265747093
1558,0.9695402266723224
1559,0.9683731957332459
1560,0.9681577128868961
1561,0.9665068080292593
1562,0.9660047000130477
1563,0.964347964853842
1564,0.9646570759753907
1565,0.9621222366072065
1566,0.9631334304863111
1567,0.9614308137936808
1568,0.9616200412516099
1569,0.9589677574606491
1570,0.9572874570980393
1571,0.9572170106294983
1572,0.9581454459598956
1573,0.9578203654435319
1574,0.9576981724640732
1575,0.9592556489563273
1576,0.9587367656881274
1577,0.956697309785631
1578,0.95781968673525
1579,0.9583978882329921
1580,0.9588497079657029
1581,0.9577550064925954
1582,0.9620133500484275
1583,0.9623946836076845
1584,0.9611192819726073
1585,0.958804273330323
1586,0.95813183373758
1587,0.9571925935133792
1588,0.9579789198935091
1589,0.9649236976081482
1590,0.9655173098696013
1591,0.9655838124936524
1592,0.961883864393148
1593,0.9608313030877653
1594,0.9597123850037826
1595,0.9597053362187085
1596,0.9607947186490192
1597,0.960791962191125
1598,0.9606119138147916
1599,0.9605542037634889
1600,0.9609804606624257
1601,0.9644955410486594
1602,0.9642848032339913
1603,0.9615189815710317
1604,0.9611275437560831
1605,0.9628458146343931
1606,0.963682143111513
1607,0.9648150784905538
1608,0.9660719694393596
1609,0.9657298066589823
1610,0.9580672001287966
1611,0.9607536320673009
1612,0.9636035765655643
1613,0.9630755739677399
1614,0.9638314742909898
1615,0.9605377351321128
1616,0.9597125290007603
1617,0.9601293180618118
1618,0.9625728891776523
1619,0.9621937918397446
1620,0.9622200577640934
1621,0.9611864630677461
1622,0.9582606356722796
1623,0.956980225763152
1624,0.956332458556771
1625,0.9560694105150377
1626,0.9562207464343929
1627,0.9543806666720925
1628,0.9539467263290257
1629,0.9547825635314743
1630,0.9527709308295692
1631,0.9503732302032324
1632,0.9473296085045011
1633,0.9493923525056762
1634,0.949866495738075
1635,0.9469490773340489
1636,0.9531412534534764
1637,0.9517108169112553
1638,0.9500371666786136
1639,0.9498238868287132
1640,0.9491086712697785
1641,0.9483067986107797
1642,0.9494572578581271
1643,0.9494450092983907
1644,0.9507513052215453
1645,0.9561687797420233
1646,0.9531672255872183
1647,0.9528053107788247
1648,0.9518501558702382
1649,0.952338221982365
1650,0.9516526422979108
1651,0.9535659287767138
1652,0.9542544413868466
1653,0.9542771854937413
1654,0.9553142207534662
1655,0.9554166567886616
1656,0.95336184652927
1657,0.950701995452938
1658,0.9510496707718442
1659,0.9504312029220945
1660,0.9479363221103209
1661,0.948794463039574
1662,0.948105122730409
1663,0.9473694286963231
1664,0.9450165213182049
1665,0.9415202677252024
1666,0.9382065882099363
1667,0.9380794539494599
1668,0.9361627246990647
1669,0.9397493743379111
1670,0.9387799729479687
1671,0.9381729414992173
1672,0.9391293407311072
1673,0.9379049991485584
1674,0.9366698798599039
1675,0.9313752604887422
1676,0.9281395393811072
1677,0.9314788129203481
1678,0.9330601480498053
1679,0.9358071168353995
1680,0.9325013655433765
1681,0.933537190976008
1682,0.9317225681153308
1683,0.9336094104157957
1684,0.9298322818803758
1685,0.9286881006266717
1686,0.9187824147609999
1687,0.9143909676842834
1688,0.9169446412343706
1689,0.9181278916775809
1690,0.915658741980416
1691,0.9176932797250184
1692,0.917773798076922
1693,0.9181218119228781
1694,0.9170252911812299
1695,0.9180426110534582
1696,0.9326607778452524
1697,0.9452864760104616
1698,0.8324796862485017
1699,0.8385427115700467
1700,0.8453127386323405
1701,0.8480527848978852
1702,0.8533257164392427
1703,0.8564058405253397
1704,0.8596538235100595
1705,0.8586873270891293
1706,0.8612841883566713
1707,0.8602159050927256
1708,0.8600292100668829
1709,0.8611956788950921
1710,0.8620844892145798
1711,0.8640484920553931
1712,0.8645312625403041
1713,0.8666060893811748
1714,0.8835672623065334
1715,0.89888443427542
1716,0.8994569113853962
1717,0.9119620593121077
1718,0.9132185775503302
1719,0.9687294530182843
1720,0.9774666271035014
1721,0.9778688481067409
1722,0.9761545852225719
1723,0.9756530968005398
1724,0.9788513579389406
1725,0.9781785741771576
1726,0.9803636539975451
1727,0.9792345630668174
1728,0.9802649946698596
1729,0.9827276625200754
1730,0.9829630645108038
1731,0.9832884488746696
1732,0.983230307352986
1733,0.9843835465757188
1734,0.98443432777535
1735,0.9837231469084615
1736,0.983355641652315
1737,0.9830355385484056
1738,0.9827876928584531
1739,0.9816027136338288
1740,0.9818056676627507
1741,0.9812888679812846
1742,0.980834343462051
1743,0.9813783808180814
1744,0.9821730455340946
1745,0.9807902684798966
1746,0.9807761554786415
1747,0.978096565107286
1748,0.9772035947015821
1749,0.974806001929796
1750,0.9686821248994688
1751,0.9663703525717731
1752,0.9625573664993651
1753,0.9609427623475775
1754,0.9544189124533039
1755,0.9494469957705362
1756,0.9458161564118205
1757,0.9416216541064126
1758,0.9463470833500519
1759,0.9449851661436542
1760,0.9409683790729426
1761,0.9412142529461892
1762,0.9399053206666104
1763,0.9382230305829073
1764,0.9353741298418977
1765,0.9327235944502891
1766,0.9333494090292822
1767,0.9348213289288912
1768,0.9413626223784505
1769,0.940511624743556
1770,0.9404981212354131
1771,0.9412896749903074
1772,0.9415082644163261
1773,0.9429502286925526
1774,0.9412792982282293
1775,0.93879272401396
1776,0.937825066379652
1777,0.9387480864484091
1778,0.938040530658035
1779,0.92730921650703
1780,0.92687249184638
1781,0.9261944281402659
1782,0.9212234288398503
1783,0.9189058823806481
1784,0.915900573764528
1785,0.9136880428552934
1786,0.905544198218803
1787,0.9080396377400588
1788,0.9272714500092664
1789,0.9239842934429283
1790,0.9234717867210251
1791,0.9206846440086582
1792,0.9218829813447623
1793,0.9200030456710615
1794,0.917859772497003
1795,0.9152679123717921
1796,0.9150813450131778
1797,0.9087947795521013
1798,0.9110151798915115
1799,0.9165447927788462
1800,0.9128301076113899
1801,0.9110555368283517
1802,0.8958863826450587
1803,0.8931086462864405
1804,0.89645430337118
1805,0.9081275029845117
1806,0.9148767550126247
1807,0.9219239526089977
1808,0.9301842083859408
1809,0.9341670621469301
1810,0.948366345827441
1811,0.9562373769854078
1812,0.9571794424559488
1813,0.9577148660183392
1814,0.9586446801384136
1815,0.9602550161784951
1816,0.9658456713424104
1817,0.9676185530659555
1818,0.9688748692724671
1819,0.9691809290380237
1820,0.9700702660131348
1821,0.9717411493714652
1822,0.9735533137419233
1823,0.9755829791233335
1824,0.9776373231125158
1825,0.9778978013049484
1826,0.97729237625183
1827,0.9773126766779187
1828,0.9756305204842944
1829,0.9760664687776601
1830,0.9746421621664506
1831,0.9727070268957777
1832,0.9714878708374473
1833,0.9717892681313224
1834,0.9726384408357646
1835,0.970867147988392
1836,0.9702971063120288
1837,0.9688013425406264
1838,0.967921056803584
1839,0.9702579179050873
1840,0.969221271573196
1841,0.9694527296533679
1842,0.967350033435778
1843,0.9657628365856136
1844,0.9647746721691346
1845,0.9641681811327011
1846,0.9690843137165244
1847,0.9681228644702853
1848,0.9645456129311845
1849,0.9639016197752682
1850,0.9643349419763937
1851,0.9634047819488006
1852,0.9627991803270675
1853,0.9619689118729937
1854,0.9616953850827828
1855,0.9629124008498021
1856,0.9659087858202704
1857,0.9671024067480423
1858,0.9663796580434134
1859,0.9667235620671527
1860,0.9676557230832059
1861,0.966473154085435
1862,0.9658277331550497
1863,0.9647791336776844
1864,0.9650453219198423
1865,0.9661250665114268
1866,0.9648790039655349
1867,0.9583837498634487
1868,0.9557398101596533
1869,0.9568774711891966
1870,0.959911661676376
1871,0.9580238760384112
1872,0.9583229868038334
1873,0.9576250332112305
1874,0.9564917515414096
1875,0.9567159982148381
1876,0.9577429260289382
1877,0.9585489193361113
1878,0.9580548500044308
1879,0.9599104831812547
1880,0.958792009594126
1881,0.956980273505242
1882,0.9571276842357419
1883,0.9574030507374853
1884,0.9564977846119808
1885,0.9562978353366561
1886,0.9543409055093368
1887,0.9517370149425681
1888,0.9517976647821089
1889,0.9518501685880166
1890,0.9512375816004713
1891,0.9519357096426588
1892,0.9501819154915306
1893,0.9488879080208136
1894,0.9489243035415391
1895,0.9462668196768046
1896,0.9443075166304193
1897,0.9392059129701694
1898,0.9390495007747515
1899,0.9402511598990635
1900,0.9396827780241643
1901,0.9398050469004144
1902,0.9440017129022221
1903,0.9434623802829001
1904,0.9438444673860654
1905,0.9406782013279819
1906,0.9339930535550999
1907,0.9283705692518888
1908,0.9342822061609386
1909,0.9380803707954914
1910,0.9486112723987365
1911,0.948762669155207
1912,0.9520760517804092
1913,0.9525560115785502
1914,0.950520148462433
1915,0.9485917452536071
1916,0.9520173984634295
1917,0.9519814754124959
1918,0.9524714570863214
1919,0.954732680305191
1920,0.9555219933871761
1921,0.9523285699654791
1922,0.9508146744355148
1923,0.9474139887286255
1924,0.9496924007160715
1925,0.9469206629255871
1926,0.9470001900584342
1927,0.950388265616775
1928,0.9529508115879807
1929,0.9516618683400657
1930,0.9522670013557735
1931,0.9492642468023065
1932,0.9484762745090392
1933,0.9520619402328709
1934,0.9537362356467313
1935,0.9544277253437882
1936,0.9549123363927979
1937,0.9545844048241148
1938,0.952675048281901
1939,0.9509868571172465
1940,0.947712228634127
1941,0.9490581675194675
1942,0.9474516474434771
1943,0.9525002393130937
1944,0.9550057666150769
1945,0.954328533389283
1946,0.9533547016073353
1947,0.9504662915027383
1948,0.9505342570857113
1949,0.9447382645579654
1950,0.9403455873826355
1951,0.9464560242166125
1952,0.9449638149012394
1953,0.9493954273502918
1954,0.9468011193928108
1955,0.9449487219690423
1956,0.9446221963412199
1957,0.9465894992085986
1958,0.9504330711407606
1959,0.9586191979619769
1960,0.9600498105331482
1961,0.9590901602469962
1962,0.9564969227731017
1963,0.9585975898880196
1964,0.9582573813314336
1965,0.9600529857087966
1966,0.9615212554393918
1967,0.9611147761238474
1968,0.9617227303188988
1969,0.9644962924063649
1970,0.9656582359361701
1971,0.9662749135910934
1972,0.9645311450267521
1973,0.9630631202757698
1974,0.9584100634003101
1975,0.9577404143947216
1976,0.9502750553839511
1977,0.9529726980848715
1978,0.9520820108020229
1979,0.9505566375024251
1980,0.9554548963322921
1981,0.9567426752460926
1982,0.9563987781650086
1983,0.9550628323491374
1984,0.956109403308929
1985,0.9558229843140466
1986,0.9525520024863028
1987,0.948526685294196
1988,0.9444098266742146
1989,0.9413560509658082
1990,0.937427579468621
1991,0.9365073864696642
1992,0.9330070985574236
1993,0.9366683553353846
1994,0.9364383668321772
1995,0.9404479732676043
1996,0.9420115566091369
1997,0.9399472230734045
1998,0.9333592756761285
1999,0.93121572686069
2000,0.9313196170279281
2001,0.9170443712287115
2002,0.9171144043205885
2003,0.9089314815868832
2004,0.8960080626423058
2005,0.9032854835615975
2006,0.9077872474144631
2007,0.9048615522771596
2008,0.9042690857256671
2009,0.9008472344845062
2010,0.9001587805125241
2011,0.8928213624576262
2012,0.8869918201240135
2013,0.886779639357124
2014,0.8816008886515007
2015,0.8808237918313403
2016,0.887387513814967
2017,0.879479156621775
2018,0.878913826162212
2019,0.8741222373575019
2020,0.8672976590405921
2021,0.858805832251918
2022,0.8513287836108893
2023,0.8677171146105964
2024,0.8562150306311599
2025,0.8678598049774183
2026,0.8580166134335802
2027,0.8551309746708554
2028,0.9033750443715802
2029,0.9078698915915565
2030,0.9123567516952786
2031,0.9168072343055675
2032,0.9093160998037951
2033,0.9087646333263938
2034,0.9027008271422329
2035,0.8927670536933827
2036,0.9003975034947975
2037,0.8963869326238514
2038,0.8912709635292351
2039,0.8940692025195024
2040,0.8891064787416112
2041,0.8904610185077632
2042,0.8882243817099698
2043,0.899669933944113
2044,0.8895501842547586
2045,0.89825902208001
2046,0.8886508742622262
2047,0.8948619797794601
2048,0.8914464680036525
2049,0.8864388458566163
2050,0.9056013290554281
2051,0.9028471947140744
2052,0.8993052237911687
2053,0.9163351829320527
2054,0.9174712494303164
2055,0.9148501335415974
2056,0.9408467752804086
2057,0.9361212581140917
2058,0.9294587498379148
2059,0.9169381232321817
2060,0.9217969436916316
2061,0.9399087426674415
2062,0.9350824134944091
2063,0.9274724325260955
2064,0.9314243152979391
2065,0.9363219322674343
2066,0.9361951737392538
2067,0.937634620222665
2068,0.937700356325317
2069,0.940378188006683
2070,0.94222780358734
2071,0.9399377643634536
2072,0.9379913669736339
2073,0.9365225568244977
2074,0.9359645195467885
2075,0.9360797544765074
2076,0.9352395401004899
2077,0.9304342811080525
2078,0.9295079388643094
2079,0.9335194061585905
2080,0.9356210027727472
2081,0.9325463236586011
2082,0.9301006779964949
2083,0.9267490740013707
2084,0.9141950239844998
2085,0.9301671455426439
2086,0.9328392069883653
2087,0.9383416403540977
2088,0.9246141594374915
2089,0.9404115379555897
2090,0.9505046551255074
2091,0.9491108203213997
2092,0.9519082048709884
2093,0.9525995620463112
2094,0.9592312681461895
2095,0.9567589064083438
2096,0.9613407856979173
2097,0.9646560488096968
2098,0.9682720771294098
2099,0.9683096172833979
2100,0.9687101187889761
2101,0.9652881797621915
2102,0.9672765939756152
2103,0.9679229179643727
2104,0.9574996136013483
2105,0.9638197299285859
2106,0.9653269533757122
2107,0.9572864543764849
2108,0.9542771082706678
2109,0.9551801644774496
2110,0.9568539252423002
2111,0.9575888380551496
2112,0.9594645639711206
2113,0.9599883747319516
2114,0.9572569318421292
2115,0.9540499880685194
2116,0.9540174870917799
2117,0.9519770404811208
2118,0.9509229645747264
2119,0.949534485113354
2120,0.9517772901180233
2121,0.9330633422927238
2122,0.9284273109699562
2123,0.9272695434304177
2124,0.932466113398311
2125,0.9298591713244994
2126,0.9240636346004757
2127,0.9188452225143716
2128,0.9165597522428761
2129,0.9237037039240336
2130,0.9156322769681048
2131,0.916962899370881
2132,0.9214458524010753
2133,0.9146109938878871
2134,0.9104637311021639
2135,0.9095471784861284
2136,0.9194789169653695
2137,0.9159627405190724
2138,0.9113428167532858
2139,0.8941901544104125
2140,0.892961446257344
2141,0.8698938259386465
2142,0.894176825421939
2143,0.8554299081553057
2144,0.8545636458085938
2145,0.8219167943636522
2146,0.8197710156807492
2147,0.8246395507573687
2148,0.8317042584794682
2149,0.8503352416102224
2150,0.8482928766769386
2151,0.8441197324431804
2152,0.8532789536207871
2153,0.852958141716951
2154,0.8472424660430051
2155,0.8420734512531155
2156,0.843741729687361
2157,0.838403274525486
2158,0.8487176597572729
2159,0.8544222836663689
2160,0.8576772849613095
2161,0.8631596519409972
2162,0.8637255777501461
2163,0.8641130647541171
2164,0.9053765036827351
2165,0.9077482550258146
2166,0.9097166701250348
2167,0.9089754802252678
2168,0.9108036216265237
2169,0.9100623960711698
2170,0.9088031772827817
2171,0.9140208467942686
2172,0.9200511028682314
2173,0.9268859830094285
2174,0.9314103452843466
2175,0.9296188519305837
2176,0.932063217397573
2177,0.9295523583231297
2178,0.9158536315595729
2179,0.8444175346009537
2180,0.8615170177854146
2181,0.8847851589447501
2182,0.8609196684002145
2183,0.8997014115851127
2184,0.929751963175311
2185,0.9359175577949991
2186,0.9482226881551366
2187,0.9557517576822419
2188,0.9573915740758457
2189,0.9590278545586876
2190,0.9602632893534003
2191,0.9609030527853182
2192,0.9612284398839896
2193,0.9608677379129967
2194,0.9594891603176084
2195,0.9595943626944377
2196,0.9596365082319182
2197,0.9602021514863791
2198,0.9629503272858879
2199,0.9627737223223354
2200,0.9643086384164244
2201,0.9604053965232959
2202,0.9585584475981815
2203,0.9578217365878344
2204,0.9559301066007646
2205,0.9556498579262556
2206,0.9584115122978961
2207,0.9517322766802659
2208,0.9539775879429571
2209,0.9618792313333543
2210,0.953782610068629
2211,0.9604210567418848
2212,0.9635398453687861
2213,0.9698939693123738
2214,0.9729929526445906
2215,0.9744520789963076
2216,0.9740354424380097
2217,0.9744556421034231
2218,0.973809153033529
2219,0.9739366900125815
2220,0.9735386963440066
2221,0.9730183892595459
2222,0.9736897458104871
2223,0.9734553166149106
2224,0.972470338460254
2225,0.9720141191533768
2226,0.971338157070187
2227,0.9704123227425299
2228,0.9716276788165538
2229,0.9684684274442157
2230,0.9661806121483515
2231,0.9679725230381443
2232,0.9637659884585122
2233,0.9606483398515091
2234,0.9559473574712504
2235,0.9514378455617412
2236,0.9477689682458925
2237,0.9472335923706134
2238,0.9534232535391254
2239,0.960581896849656
2240,0.9636162974081015
2241,0.9655350735832137
2242,0.9664048553939887
2243,0.9669900559209853
2244,0.9665492554897935
2245,0.967037835069854
2246,0.9704713931619876
2247,0.9700825292299466
2248,0.9721637276525819
2249,0.9713661579856747
2250,0.9710825384842688
2251,0.9706623546717001
2252,0.9700437103539328
2253,0.9703602236976012
2254,0.9698702782021117
2255,0.9712016598209542
2256,0.9697784346342844
2257,0.9698309701147773
2258,0.9701130518873295
2259,0.9697122848833678
2260,0.9701533873918783
2261,0.9696962964721062
2262,0.9689291299279605
2263,0.9702663206901755
2264,0.9702090754294461
2265,0.9699642350350949
2266,0.9693731335541723
2267,0.9662509739645937
2268,0.9665486355116595
2269,0.9620614117169998
2270,0.9641242171086033
2271,0.9641554374994373
2272,0.9629106703960953
2273,0.9633319178239291
2274,0.9672601865629712
2275,0.9678682328523798
2276,0.9675370139426804
2277,0.970309269320235
2278,0.9699884369306311
2279,0.9696802375074081
2280,0.9679271755326297
2281,0.9658419520446594
2282,0.9656334681574316
2283,0.9649590879375788
2284,0.959698229724116
2285,0.9574053325495411
2286,0.9552617233749581
2287,0.9551225952987318
2288,0.9567363787098203
2289,0.9557866258989677
2290,0.9569869386230477
2291,0.9551841638477124
2292,0.9489756572166074
2293,0.9421873972080771
2294,0.9392038041761138
2295,0.9398927724940113
2296,0.9437565620695506
2297,0.942636637747423
2298,0.9423770541463852
2299,0.9420410513036356
2300,0.942417843111563
2301,0.941952262328562
2302,0.9420143816647253
2303,0.9414856258496003
2304,0.9395181653032558
2305,0.9387919779879451
2306,0.9389852726983723
2307,0.9495300824357549
2308,0.9513227248583579
2309,0.9540509999575246
2310,0.9546268566611686
2311,0.9543236374704221
2312,0.9533080800708955
2313,0.9536667979851627
2314,0.9529742427345567
2315,0.9518855438768291
2316,0.9505264771703044
2317,0.9483744662579104
2318,0.9475909118679712
2319,0.9470403140704431
2320,0.9476200496378485
2321,0.9451845936469218
2322,0.9430753258990744
2323,0.9459446259871851
2324,0.9482555525333377
2325,0.9467754202693474
2326,0.9464030771181101
2327,0.9475788754945222
2328,0.9546229301600261
2329,0.9595462346734218
2330,0.9581001115644351
2331,0.9571203694375753
2332,0.9561179489704555
2333,0.9551283378433967
2334,0.9590395400859064
2335,0.9587682170010714
2336,0.9588332490748325
2337,0.9587258291607423
2338,0.9592298926429421
2339,0.9655408296449525
2340,0.9625132402182902
2341,0.9601487660233761
2342,0.9614320629628919
2343,0.963774478253539
2344,0.9633944508350166
2345,0.9615533141159172
2346,0.9622200622935453
2347,0.9632384761581049
2348,0.9610420935472085
2349,0.9618444780685531
2350,0.961530400471437
2351,0.9620981450865929
2352,0.9636452887033314
2353,0.9656177258441547
2354,0.966360749708533
2355,0.9665089648784642
2356,0.9667165230382975
2357,0.967653724206901
2358,0.9688436895513058
2359,0.9688121854294016
2360,0.9671134807300018
2361,0.9700848360653359
2362,0.9703340408215021
2363,0.9686414601694552
2364,0.9676373644529198
2365,0.967993018866645
2366,0.9671149454986889
2367,0.9651428935996754
2368,0.9645700493571343
2369,0.9635293310713969
2370,0.9628000072676766
2371,0.9615612890540055
2372,0.9609712149209984
2373,0.9609665135790915
2374,0.9613271649687432
2375,0.9608166273708358
2376,0.9603938053235
2377,0.9610325489948461
2378,0.9604693890654029
2379,0.9592069128971557
2380,0.9569302539847838
2381,0.9548607591954554
2382,0.9521666843286625
2383,0.9516700485759708
2384,0.9503505418910506
2385,0.9484349442404788
2386,0.9454295261884585
2387,0.9366236087975613
2388,0.9322618091181977
2389,0.9308547676738478
2390,0.9322353435393838
2391,0.9297530791865303
2392,0.9270472082052484
2393,0.9229220155264528
2394,0.9224522154483579
2395,0.9163144429946619
2396,0.9140517610370508
2397,0.9140126733827184
2398,0.9131814772231959
2399,0.9150991472249027
2400,0.9204764747212888
2401,0.9275260642626592
2402,0.926137315077903
2403,0.9204299385331195
2404,0.9216346353813197
2405,0.9184147221566091
2406,0.9141587369842947
2407,0.9119009536539401
2408,0.916421316011335
2409,0.9174492673870965
2410,0.9182030267108254
2411,0.9187305339188665
2412,0.9249156915006783
2413,0.9264233906119066
2414,0.9362583374892947
2415,0.9361077550230921
2416,0.940778961373117
2417,0.9433502394635963
2418,0.9420155378850306
2419,0.9474796987022926
2420,0.9440797532479295
2421,0.9397465347051528
2422,0.9260477580363857
2423,0.9254933265422552
2424,0.9399972551912623
2425,0.9360106346353204
2426,0.9330605069680087
2427,0.9344885477787821
2428,0.9401761158055668
2429,0.9306893824721941
2430,0.9339552289681899
2431,0.9348386347464742
2432,0.9327343023953595
2433,0.9327600239933921
2434,0.9319060136862843
2435,0.9318163443546099
2436,0.9254037515942103
2437,0.9362429888309556
2438,0.9390962360707114
2439,0.943643946207053
2440,0.9491031913200011
2441,0.9542990700589727
2442,0.9552345797254871
2443,0.9554722143760587
2444,0.9562581938058455
2445,0.9520529619578834
2446,0.9534863605296158
2447,0.9522101797905489
2448,0.9523976695130352
2449,0.953519994060415
2450,0.9629902398645196
2451,0.9641147506055776
2452,0.9652584193214104
2453,0.9685865575110352
2454,0.9693178000714625
2455,0.9695690655155308
2456,0.9671952893451511
2457,0.9681059408850207
2458,0.9664792624694906
2459,0.966902621531879
2460,0.9665147404716306
2461,0.9638191517580414
2462,0.9641061159178469
2463,0.9653037448843637
2464,0.96755231084819
2465,0.9677972594274955
2466,0.9668732762177131
2467,0.9671070687817575
2468,0.9663067932574023
2469,0.9653711264153637
2470,0.9650020353995977
2471,0.9609611241144533
2472,0.959350686453278
2473,0.9580146709509456
2474,0.9542108949709103
2475,0.9529821811647119
2476,0.9505972964924227
2477,0.9476995628477312
2478,0.9477067750714512
2479,0.9423708756641097
2480,0.939720047706186
2481,0.9281330507488871
2482,0.9329055698274626
2483,0.9230371439480194
2484,0.9348979765864402
2485,0.9356699488523411
2486,0.9333926339783492
2487,0.9277804328952829
2488,0.9324884616195331
2489,0.929611718766718
2490,0.9325017411450548
2491,0.937813853413543
2492,0.9431725030422952
2493,0.9427343163131614
2494,0.9423815516843803
2495,0.9438113252503589
2496,0.9439105714238863
2497,0.944565516198191
2498,0.9455041511302681
2499,0.9464106950052548
2500,0.9475031526617005
2501,0.9478050659174654
2502,0.9532677065266927
2503,0.9545454655613864
2504,0.9546097228881129
2505,0.9510990305348896
2506,0.9552753409928856
2507,0.9532077910658414
2508,0.9531701179979089
2509,0.948657366505436
2510,0.9457929677284601
2511,0.9473403122541793
2512,0.9461381664632125
2513,0.9484523451966772
2514,0.9474408430388398
2515,0.9460418717416854
2516,0.9457733309282752
2517,0.9417158853201164
2518,0.944694506277628
2519,0.9435463118342023
2520,0.9418521211327459
2521,0.9430618365016277
2522,0.9432957843227167
2523,0.944020194669364
2524,0.9395402492386598
2525,0.9408880611033748
2526,0.9379276797302096
2527,0.9280693931633583
2528,0.9297683245993239
2529,0.9259148269594303
2530,0.9298684084418347
2531,0.9311180646257382
2532,0.9287982814825874
2533,0.9318098822086575
2534,0.9285894989181502
2535,0.9315071097857401
2536,0.933461580725003
2537,0.9350850473314833
2538,0.9194393620028816
2539,0.9218696871925354
2540,0.9244843099735309
2541,0.926202406823395
2542,0.9238438868450876
2543,0.9222511578585626
2544,0.9188134048008993
2545,0.9185006017005254
2546,0.9077225816795133
2547,0.91357744436731
2548,0.8973782755064282
2549,0.897257439878769
2550,0.9027059793236388
2551,0.907912719402408
2552,0.907170616229147
2553,0.9039763355328398
2554,0.9020142692896762
2555,0.9064526117363558
2556,0.9066414697738462
2557,0.908391314929814
2558,0.9212618939439778
2559,0.9250965685884938
2560,0.9310477616563168
2561,0.9367907216891864
2562,0.9419244086574979
2563,0.9446135555713936
2564,0.9532372176219638
2565,0.9582748939476994
2566,0.961211903711269
2567,0.9660401886375606
2568,0.9686144395227706
2569,0.9706910081380357
2570,0.9689797274596561
2571,0.9692373359494871
2572,0.9681710771846799
2573,0.9663523467603362
2574,0.9660653123929742
2575,0.9663072992053822
2576,0.9661665548696607
2577,0.9659982389984683
2578,0.9652043277589468
2579,0.9622678512485031
2580,0.9607908470092439
2581,0.9582441274838956
2582,0.9558303234106831
2583,0.9551326456685395
2584,0.9536500561890461
2585,0.9469588410569583
2586,0.9454392260426832
2587,0.9413334787859255
2588,0.9310266456803458
2589,0.9410550969186023
2590,0.9363109211358277
2591,0.9362929288510131
2592,0.9371347077859724
2593,0.9369816140034993
2594,0.9450348374486546
2595,0.9455721590448657
2596,0.9425331337337982
2597,0.9394657363108695
2598,0.9362830752346131
2599,0.9406598298705029
2600,0.948299151917313
2601,0.9515836376960933
2602,0.9590629697634391
2603,0.9623587035842389
2604,0.957739849130766
2605,0.9582523814856952
2606,0.9592313351319214
2607,0.9577401960176422
2608,0.9583326839344583
2609,0.9588788674843151
2610,0.9598820538607655
2611,0.9592429147880774
2612,0.9567521262075299
2613,0.9515609640682753
2614,0.9517428295670021
2615,0.9523722618147848
2616,0.9439522522011128
2617,0.9396618048321276
2618,0.9394214718941266
2619,0.9400963212251044
2620,0.9413657508399117
2621,0.9287991414634424
2622,0.9240274285478735
2623,0.9185530432328977
2624,0.91054803435062
2625,0.9043927827220911
2626,0.9099075974599259
2627,0.8980482775965107
2628,0.8957911545732697
2629,0.8923346827357267
2630,0.8963700706634167
2631,0.8919276731622963
2632,0.8856668286367622
2633,0.9065886477806581
2634,0.918314748914015
2635,0.9227350323273229
2636,0.9230525332031748
2637,0.912569717301873
2638,0.9095776341032371
2639,0.9005856081189673
2640,0.9066904191067621
2641,0.903975977939918
2642,0.9110595754860176
2643,0.9202487930913726
2644,0.9231577173623428
2645,0.9315154351892538
2646,0.9310470859200862
2647,0.9345968006006335
2648,0.9439285484415684
2649,0.9434584384411631
2650,0.9476170582298378
2651,0.9458327584308003
2652,0.9486297493439648
2653,0.9487541538901778
2654,0.9441732740965069
2655,0.9401975101527704
2656,0.9466390467664605
2657,0.9413580374932626
2658,0.9159936669218015
2659,0.9092026496761523
2660,0.9136489881565181
2661,0.9116791328486051
2662,0.9161824490236996
2663,0.9139115424535121
2664,0.9560931602712501
2665,0.9575784428695814
2666,0.9641829177387758
2667,0.9664478334449005
2668,0.9684359004704598
2669,0.969284225384026
2670,0.96877552291006
2671,0.9707025561029959
2672,0.9719355535685448
2673,0.9723187743432902
2674,0.9726714605688045
2675,0.9750887574113227
2676,0.973864123539454
2677,0.9723871908914405
2678,0.973097628784819
2679,0.9720981861356729
2680,0.9732813435581276
2681,0.9742851938576987
2682,0.9746739881220581
2683,0.9742808692347963
2684,0.9742356619794525
2685,0.969254005695538
2686,0.968635197487954
2687,0.9672047878596982
2688,0.9647236600968788
2689,0.9616534020539379
2690,0.9595228231424106
2691,0.9589951516495069
2692,0.9561908757685353
2693,0.953449908387465
2694,0.9504409233104278
2695,0.9474723811656895
2696,0.9376819590855929
2697,0.9380489772501549
2698,0.948991029258356
2699,0.9452076278291418
2700,0.9417613178930819
2701,0.941250582540479
2702,0.9384525103981727
2703,0.9366657945638794
2704,0.9358172992737263
2705,0.9349642433088836
2706,0.9368267696314345
2707,0.938128903010178
2708,0.9416943310496722
2709,0.9407624645518496
2710,0.9356720204318602
2711,0.938678841360047
2712,0.938462751655104
2713,0.9430732597332047
2714,0.9429719667541524
2715,0.9428708249223253
2716,0.9446814135846607
2717,0.9448164950077288
2718,0.9536031279800175
2719,0.9410612912692214
2720,0.9322001138569013
2721,0.9357685641181055
2722,0.9336169563084289
2723,0.9273671820134534
2724,0.9224642924199491
2725,0.9203999473789267
2726,0.9184174399839059
2727,0.9111557482682252
2728,0.9020461215554934
2729,0.8871419352964668
2730,0.8753145585196599
2731,0.8780978857231926
2732,0.8814544815446911
2733,0.8827065693151477
2734,0.8795966487986367
2735,0.8893093629938154
2736,0.879293530124672
2737,0.8739058658510783
2738,0.875254109374139
2739,0.8258087203488711
2740,0.8539624464458061
2741,0.8811366905488663
2742,0.8783217520112567
2743,0.8988669744931939
2744,0.9159365914736759
2745,0.9300879802485997
2746,0.9285382599145386
2747,0.9261532031460171
2748,0.9270563476161415
2749,0.9239695917553441
2750,0.9265397601418796
2751,0.9360139559079169
2752,0.9356365690665719
2753,0.9390349187653517
2754,0.9393856620283716
2755,0.9334479617789411
2756,0.9330689612172438
2757,0.9400403045060352
2758,0.9397758494305398
2759,0.9359568059453015
2760,0.9333272823086983
2761,0.9317479535747254
2762,0.930875941321838
2763,0.9325306691742076
2764,0.9254021972465813
2765,0.9255382999489109
2766,0.9226497509006376
2767,0.9247299857073049
2768,0.9276365092412034
2769,0.9262105994953851
2770,0.9252126833967704
2771,0.9246659971708031
2772,0.9265061764262056
2773,0.9281729925277383
2774,0.9247490029825534
2775,0.9251547849094328
2776,0.9189848482404158
2777,0.914154143361331
2778,0.9158465782945429
2779,0.9158156682969055
2780,0.9152247405920042
2781,0.9175479678441485
2782,0.9300086938874635
2783,0.9327706426643234
2784,0.9325369631232019
2785,0.9330981696379718
2786,0.9335297379726265
2787,0.9383720232926472
2788,0.9342802210196304
2789,0.9311088168801294
2790,0.9327141938014997
2791,0.9302335158910632
2792,0.928438699036269
2793,0.928218675131717
2794,0.9239034595181034
2795,0.9278869547139381
2796,0.9265486954122456
2797,0.9351515479728065
2798,0.9377336603712821
2799,0.9353898250399282
2800,0.936102954362223
2801,0.9354014170998006
2802,0.935441678666966
2803,0.9213920605661788
2804,0.9131079548423152
2805,0.9145115331755173
2806,0.9173787383238838
2807,0.9142233824759717
2808,0.9092389583177761
2809,0.9141928669154338
2810,0.9122467416920714
2811,0.9152966790957293
2812,0.9173662498692694
2813,0.9166834923727388
2814,0.9118408170428111
2815,0.9056288146738559
2816,0.9009275895641546
2817,0.8957415704152423
2818,0.8931489455977384
2819,0.8968341648443185
2820,0.8986627086160015
2821,0.9163256624922009
2822,0.9140071144209538
2823,0.9068528351842879
2824,0.9061261545950874
2825,0.9075780045010803
2826,0.9032699228091707
2827,0.9014957317088551
2828,0.9114989254597406
2829,0.9438414865592228
2830,0.9482079748661447
2831,0.9507390698975152
2832,0.9695255200589745
2833,0.9855291865282609
2834,0.9856316248841888
2835,0.9844079987976113
2836,0.9845496810857477
2837,0.9843475107613769
2838,0.9845801690989461
2839,0.9848176244473799
2840,0.9846218732415059
2841,0.9847222953395697
2842,0.9848523650719246
2843,0.9850880147436483
2844,0.9853134856925957
2845,0.9854285737484989
2846,0.9853497372012026
2847,0.9849728151973867
2848,0.9849441331248054
2849,0.9848981346202275
2850,0.9845111313741833
2851,0.9844438239776045
2852,0.9833501119663707
2853,0.9795584194521123
2854,0.9688701042487053
2855,0.973857309672334
2856,0.9747945190111089
2857,0.973222693390836
2858,0.9718695356037658
2859,0.971008233401284
2860,0.9709059126400797
2861,0.9711850749009157
2862,0.9728395963100138
2863,0.9740578423164852
2864,0.9734136897853539
2865,0.9730158594278083
2866,0.9737238353444572
2867,0.9746566111927287
2868,0.9741775250202495
2869,0.9764408719377138
2870,0.9752132901869236
2871,0.9754178988205633
2872,0.9741022656971805
2873,0.9755229786444065
2874,0.9754240081060134
2875,0.9753015142484316
2876,0.9749757326662949
2877,0.9739005888361711
2878,0.9722386466282128
2879,0.9713245546574091
2880,0.9704951796549192
2881,0.9704809576091534
2882,0.9716333970524216
2883,0.9685909348952534
2884,0.9676082929896689
2885,0.9697850704233634
2886,0.9699155867884824
2887,0.9686587312705283
2888,0.965922116323556
2889,0.9643129806105644
2890,0.9623258898143395
2891,0.9616827107295958
2892,0.9591157239122585
2893,0.9618800407740641
2894,0.9652534594773643
2895,0.967552119726277
2896,0.965466846720252
2897,0.963605842255227
2898,0.9632111062385148
2899,0.9593753491913329
2900,0.9593523671687765
2901,0.9608479738599524
2902,0.9593529325556536
2903,0.9544693847834134
2904,0.9572983314637399
2905,0.9601576031639193
2906,0.9578440617768544
2907,0.9591859103028395
2908,0.961570047497469
2909,0.9660949680711141
2910,0.9676062074346292
2911,0.9698117462618403
2912,0.9706405519946898
2913,0.9717576239048314
2914,0.9717246717360208
2915,0.9696006370698377
2916,0.9663998083912491
2917,0.9686010594208478
2918,0.9689291665724892
2919,0.9670953715514754
2920,0.965687007485776
2921,0.9653732670228777
2922,0.9649592926568951
2923,0.9653523030937446
2924,0.9662063274726711
2925,0.9613084423720338
2926,0.9608327902486075
2927,0.9597839006868891
2928,0.9605432450078296
2929,0.9646554889128166
2930,0.9570033657771593
2931,0.9534203444111716
2932,0.9427963723304369
2933,0.9427252324902781
2934,0.9426594183833756
2935,0.9386200570663332
2936,0.9348301053482545
2937,0.9391488459789247
2938,0.9412761847747194
2939,0.9408010360074565
2940,0.9370666880533772
2941,0.9351877013184636
2942,0.9379273218407028
2943,0.9374575750490795
2944,0.9370914776787902
2945,0.9400025480899098
2946,0.9422073533037102
2947,0.9437703787092379
2948,0.9425066032007063
2949,0.9421503567874433
2950,0.9448279298804998
2951,0.943203976654757
2952,0.9437437798761673
2953,0.9481670710485175
2954,0.953604066007894
2955,0.9579252103417529
2956,0.9600455068971174
2957,0.9586425665249578
2958,0.9588694445180189
2959,0.9573745985705008
2960,0.9574284877489838
2961,0.9580055137065311
2962,0.9578371464239032
2963,0.9577914700810616
2964,0.9570493306298424
2965,0.9559227559134299
2966,0.9547840605286598
2967,0.9545933434221676
2968,0.9536907507075205
2969,0.9520350708490778
2970,0.951994845755707
2971,0.9506743518551419
2972,0.9495802198464246
2973,0.950118793757626
2974,0.9502982414893772
2975,0.9101287616703299
2976,0.8770979963928431
2977,0.8608351445966165
2978,0.8819033847585003
2979,0.8722349033219602
2980,0.8760602981439727
2981,0.8748016198249736
2982,0.8511935715058351
2983,0.8415136981977165
2984,0.8407723168419751
2985,0.8488303495441263
2986,0.8579719216795969
2987,0.858580995910536
2988,0.8603601815450087
2989,0.8636715758675757
2990,0.8628281172317206
2991,0.8617330551074313
2992,0.8700755711461086
2993,0.8895323915932647
2994,0.8654428337381569
2995,0.850007550655168
2996,0.8792027595242298
2997,0.8925911360463905
2998,0.900044069467918
2999,0.8859997066794058
3000,0.906690370118756
3001,0.9060025187514088
3002,0.9082842113085283
3003,0.930292975749991
3004,0.9200761282276431
3005,0.9131890872152396
3006,0.8936911337408744
3007,0.8892079842359414
3008,0.884396756941069
3009,0.888840522037098
3010,0.8894375185715889
3011,0.8872117413630713
3012,0.8832473600061914
3013,0.8858256051866966
3014,0.8823079042352331
3015,0.8868346554571269
3016,0.8851559622560903
3017,0.8843926386509284
3018,0.8822068288956266
3019,0.8863930075429546
3020,0.9048363057121309
3021,0.9088868292028822
3022,0.9100361865567457
3023,0.9098752919808873
3024,0.8981236885129321
3025,0.9252543291711559
3026,0.9325860920010198
3027,0.9364380666157014
3028,0.9375294811594925
3029,0.9334735011761212
3030,0.9216529297738962
3031,0.9242186638958105
3032,0.9320564566327428
3033,0.9278461714442021
3034,0.9243010723474744
3035,0.9290097956472809
3036,0.9293034443933575
3037,0.928420031749208
3038,0.9245499248511966
3039,0.9244881259075941
3040,0.9234743692083341
3041,0.9240112971434126
3042,0.9207961037431509
3043,0.924716883733329
3044,0.9247029947110064
3045,0.9225672706339818
3046,0.9236942005539696
3047,0.9271458364126828
3048,0.9317823704500671
3049,0.9389801683035816
3050,0.9406193866086735
3051,0.9411950943045823
3052,0.9467369255767051
3053,0.9582481813923399
3054,0.961356007262478
3055,0.95994317374944
3056,0.9652203269665763
3057,0.9667448062730554
3058,0.9686723470573532
3059,0.9701721567016824
3060,0.9687313177947385
3061,0.9679478536440729
3062,0.9680757367565411
3063,0.9667942868713578
3064,0.9667912015524847
3065,0.9673161629564082
3066,0.9689981019427888
3067,0.9683026392929204
3068,0.9690463176824601
3069,0.9680922573409688
3070,0.9668864852153447
3071,0.9641249245110367
3072,0.9629281507511566
3073,0.9618405827163984
3074,0.9588784463500339
3075,0.9577650739318951
3076,0.9594844929367616
3077,0.9559175629826692
3078,0.9518135383450188
3079,0.9420522666231295
3080,0.9424606660229379
3081,0.9422281020525786
3082,0.940753610570071
3083,0.9411125127657466
3084,0.9418596156363405
3085,0.9406962548032602
3086,0.93886271174944
3087,0.9350899991045916
3088,0.9358327855988492
3089,0.9327322421229507
3090,0.9324547349453589
3091,0.9303545780524789
3092,0.927807095984609
3093,0.9265361578210854
3094,0.923644332209514
3095,0.9225781152857391
3096,0.9196027397311536
3097,0.9187788751452861
3098,0.9176710924118265
3099,0.9162585805305312
3100,0.9374447469862754
3101,0.9343637358535661
3102,0.9266201456595436
3103,0.8957847412200813
3104,0.8641506089376682
3105,0.8359175534914123
3106,0.8628118082490301
3107,0.8859613096058297
3108,0.9255612196204367
3109,0.9381902642806182
3110,0.9430056361953992
3111,0.9409333461258225
3112,0.9483851514670855
3113,0.9478256758114455
3114,0.9496658667373673
3115,0.9521706484041874
3116,0.9522258957437424
3117,0.9462018455182605
3118,0.9483854360351182
3119,0.9484021214112264
3120,0.9489325365172597
3121,0.9485723380405051
3122,0.9442209190959887
3123,0.9411057263401568
3124,0.9383725337287042
3125,0.9372148036613317
3126,0.935283065972887
3127,0.9325117606670391
3128,0.9303600004107903
3129,0.9150398032829168
3130,0.9071736796210997
3131,0.9075312940886289
3132,0.9028281933480063
3133,0.9031247868346225
3134,0.8987118254632737
3135,0.9149244694733684
3136,0.9178938783775767
